,Unnamed: 0,Gender,Customer Type,Age,Type of Travel,Class,Flight Distance,Inflight wifi service,Departure/Arrival time convenient,Ease of Online booking,Gate location,Food and drink,Online boarding,Seat comfort,Inflight entertainment,On-board service,Leg room service,Baggage handling,Checkin service,Inflight service,Cleanliness,Departure Delay in Minutes,Arrival Delay in Minutes,satisfaction
8827,8858,0,1,27,1,2,183,4,4,4,4,5,4,4,5,4,3,4,3,4,5,0,7.0,0
3588,3601,1,0,22,1,0,829,2,3,3,2,1,3,1,1,1,3,3,3,3,1,4,4.0,0
1011,1017,0,0,23,1,2,1020,4,5,4,1,4,4,4,4,3,4,5,3,5,4,0,0.0,1
7212,7237,1,0,21,1,0,1028,4,4,4,5,3,4,3,3,3,3,2,5,4,3,0,0.0,1
5025,5044,1,1,67,0,0,626,3,4,3,3,4,4,4,2,2,3,2,5,2,3,0,0.0,0
8452,8482,0,1,56,1,2,308,1,1,1,1,2,5,5,5,5,4,5,3,5,5,0,1.0,1
3704,3717,0,1,44,0,0,819,3,0,3,2,3,3,3,3,3,3,5,5,5,3,28,22.0,0
2492,2503,0,1,37,0,0,1154,2,4,2,4,4,2,4,4,2,2,2,1,4,4,20,41.0,0
6116,6136,1,0,57,1,0,665,4,4,4,3,2,4,1,2,4,5,4,3,3,2,37,91.0,0
8335,8365,0,1,45,1,2,1096,4,4,4,4,3,4,4,5,5,5,5,4,5,5,0,0.0,1
4029,4046,0,1,51,1,0,1269,4,1,1,1,4,4,4,4,4,5,3,1,3,4,85,88.0,0
2053,2061,1,1,68,0,0,813,2,4,2,3,3,3,3,2,2,2,2,1,2,4,1,0.0,0
6159,6179,1,1,43,1,2,2133,5,2,5,5,3,4,5,3,3,3,3,5,3,4,0,0.0,1
8754,8785,1,1,47,1,2,2981,2,5,1,1,3,4,3,2,2,2,2,4,2,1,15,0.0,0
6821,6844,0,1,20,0,0,829,3,4,3,4,2,3,2,2,3,2,5,5,4,2,24,10.0,0
4090,4107,1,0,19,1,0,402,2,2,2,4,1,2,1,1,2,5,4,3,3,1,9,8.0,0
9754,9789,1,1,45,1,0,989,4,5,5,5,3,2,1,4,4,4,4,3,4,4,0,21.0,1
5155,5175,0,1,69,0,0,601,4,5,4,2,3,4,3,3,2,2,5,2,5,3,0,1.0,0
2012,2020,0,1,65,0,0,862,4,5,4,3,3,4,3,3,4,3,4,4,1,3,3,0.0,0
6442,6463,0,1,26,0,0,1674,3,5,2,3,5,2,5,5,5,4,2,3,1,5,20,17.0,0
8145,8174,1,1,45,0,0,919,2,5,2,5,5,4,5,3,3,2,3,3,3,5,0,0.0,0
3611,3624,1,1,59,0,0,1172,2,5,2,5,4,5,5,3,3,2,3,5,3,3,0,0.0,0
8470,8500,1,1,41,1,2,3651,3,3,3,3,5,4,5,4,4,4,4,3,4,3,6,1.0,1
8011,8039,1,1,65,0,0,1504,1,5,1,4,2,5,2,2,2,1,2,3,2,4,14,3.0,0
3227,3239,1,0,40,1,2,404,4,4,4,2,4,4,4,4,5,3,4,5,5,4,0,0.0,1
254,254,1,1,67,1,0,463,4,1,5,5,1,5,3,4,4,4,4,4,4,1,0,0.0,1
2641,2652,1,1,70,0,0,404,3,5,4,5,4,3,2,5,5,4,1,5,5,1,9,2.0,0
859,864,0,1,43,1,2,2556,3,3,5,5,1,1,3,3,3,3,3,1,3,4,33,7.0,0
1264,1270,1,1,46,0,2,90,2,5,2,1,5,5,5,5,5,2,5,3,5,4,0,25.0,0
5360,5380,0,0,25,1,0,110,2,3,2,3,4,2,4,4,2,2,2,1,2,4,4,29.0,0
4958,4977,1,1,47,1,2,2407,3,3,3,3,3,4,5,4,4,4,4,5,4,4,0,0.0,1
619,620,0,1,39,1,2,406,5,5,5,5,2,5,5,4,4,4,4,1,4,3,0,0.0,1
260,260,1,0,27,1,0,552,2,4,2,4,2,2,2,2,2,5,3,1,5,2,0,1.0,0
3005,3016,1,1,47,1,2,2704,4,4,4,4,3,3,4,4,4,4,4,5,4,5,11,3.0,1
4729,4747,0,1,64,0,0,813,3,2,3,2,4,3,1,4,2,3,1,3,2,4,18,16.0,0
1732,1740,0,1,40,1,0,425,5,5,5,5,5,5,5,5,1,3,2,3,1,5,0,7.0,1
5402,5422,0,1,19,0,0,464,2,5,2,3,3,2,3,3,3,3,5,3,5,3,28,16.0,0
2943,2954,0,0,25,1,2,888,4,4,4,4,1,4,1,1,3,5,5,5,5,1,5,9.0,0
8826,8857,0,1,51,1,2,2248,1,1,1,1,3,4,5,5,5,5,5,5,5,5,1,8.0,1
2165,2173,0,1,41,1,2,2231,1,1,1,1,4,4,2,4,4,4,4,1,4,2,5,1.0,1
834,839,1,1,23,1,2,590,2,4,4,4,2,2,2,2,3,1,4,3,4,2,22,14.0,0
659,660,0,1,52,1,2,135,1,4,4,4,3,2,2,2,2,2,1,1,2,2,39,80.0,0
3001,3012,1,1,43,1,0,630,3,1,1,1,1,3,3,3,3,3,3,3,3,3,0,4.0,0
4951,4970,1,1,16,0,0,414,4,3,4,1,5,4,5,5,2,1,4,4,2,5,0,0.0,1
3342,3355,1,1,57,1,2,3660,2,5,5,5,4,3,3,3,3,3,2,2,3,1,3,0.0,0
7839,7866,0,1,69,0,0,516,2,1,2,4,4,2,4,4,1,3,3,4,3,4,8,0.0,0
6987,7011,0,1,29,0,2,545,1,3,1,3,1,4,4,2,1,3,4,4,4,4,92,150.0,0
1470,1477,1,0,25,1,0,1390,2,2,2,3,1,2,1,1,4,2,4,3,3,1,25,14.0,0
5519,5539,0,1,40,1,2,719,3,3,3,3,3,3,2,3,3,3,3,3,3,1,67,62.0,0
1049,1055,0,1,70,0,0,1747,4,1,4,3,4,4,4,4,2,1,3,3,4,4,0,0.0,0
9945,9980,1,1,41,1,2,1993,4,4,4,4,4,5,5,3,3,3,3,4,3,4,0,0.0,1
1840,1848,0,1,35,1,2,2153,1,1,1,1,2,3,5,3,3,4,3,5,3,5,0,27.0,1
1546,1553,0,0,17,1,0,1011,4,4,4,3,4,3,3,2,3,3,3,3,4,3,330,322.0,0
3121,3133,0,0,15,1,0,620,2,4,2,4,1,2,1,1,4,1,4,4,4,1,4,3.0,0
4095,4112,0,1,36,1,0,387,3,5,2,5,3,3,3,3,1,1,1,2,1,3,0,1.0,0
7679,7706,1,1,67,0,0,2279,1,4,1,2,3,4,5,5,5,1,2,5,5,3,7,0.0,0
9313,9344,1,1,45,0,1,944,1,3,1,5,5,2,1,3,3,1,5,3,3,2,0,0.0,0
9929,9964,0,1,39,0,0,293,3,4,3,3,5,3,5,5,5,5,4,5,5,5,0,10.0,0
3979,3994,0,0,33,1,2,604,2,2,2,3,5,2,5,5,3,2,5,3,4,5,54,65.0,0
9675,9708,1,1,29,1,2,874,3,3,2,3,4,4,4,4,5,2,5,4,4,4,1,0.0,1
8775,8806,0,1,44,1,2,337,4,3,4,4,5,4,5,5,5,4,5,5,5,4,0,0.0,1
1537,1544,0,1,44,1,2,391,2,2,2,2,2,4,5,4,4,4,4,3,4,3,2,0.0,1
1873,1881,1,1,35,0,0,528,4,4,4,4,4,4,4,4,5,3,4,3,4,4,1,0.0,1
9583,9616,1,1,40,1,1,190,2,3,3,3,2,2,2,2,2,5,3,4,3,2,0,0.0,1
274,275,0,1,23,1,2,1944,1,1,1,1,1,1,1,1,4,5,4,2,4,1,27,28.0,0
4604,4622,1,1,41,1,2,3555,2,2,2,2,5,5,4,2,2,2,2,5,2,4,0,0.0,1
2161,2169,1,1,38,1,2,2822,2,2,5,2,2,5,4,5,5,5,5,3,5,4,13,0.0,1
4227,4244,1,1,50,1,2,1522,4,3,4,4,2,4,4,4,4,4,4,1,4,3,0,16.0,0
9046,9077,1,1,58,1,2,2204,3,3,3,3,2,5,4,4,4,4,4,3,4,5,0,1.0,1
5312,5332,1,1,67,0,0,488,2,3,2,4,3,4,4,5,5,2,5,3,5,4,0,33.0,0
6164,6184,1,1,20,1,2,3524,4,4,3,4,4,4,4,4,4,3,1,3,5,4,0,5.0,1
1987,1995,0,1,35,1,0,1005,4,1,2,2,4,4,4,4,3,2,4,4,5,4,0,0.0,1
278,279,1,0,20,1,0,544,2,0,2,5,3,2,3,3,3,3,4,4,5,3,24,15.0,0
1141,1147,1,1,49,1,0,414,1,1,1,1,3,3,3,1,1,1,1,2,1,3,0,0.0,0
4272,4289,0,0,42,1,0,1327,4,4,4,4,1,4,5,1,4,3,3,1,1,1,7,6.0,0
4267,4284,0,0,22,1,0,1020,3,2,2,4,2,3,3,1,5,3,3,3,4,3,123,134.0,0
1995,2003,0,1,47,1,2,2756,3,3,3,3,5,4,4,4,4,4,4,3,4,4,0,0.0,1
5152,5172,1,1,43,1,0,587,3,3,3,3,5,4,3,3,3,3,3,3,3,1,0,0.0,0
2621,2632,0,1,61,0,0,468,1,4,1,3,2,1,2,2,4,5,4,4,4,2,0,0.0,0
9947,9982,1,1,22,1,0,1145,4,1,1,1,4,4,3,4,3,2,3,4,4,4,75,69.0,0
222,222,0,0,22,1,0,2586,1,1,1,1,1,2,2,4,4,4,5,2,3,2,43,57.0,0
9014,9045,1,1,29,1,2,2836,2,3,3,3,2,2,2,2,4,1,3,4,3,2,0,0.0,0
1518,1525,0,1,25,1,2,2728,5,5,1,5,5,5,5,5,3,4,5,5,5,5,0,0.0,1
946,952,1,1,24,0,0,628,4,4,4,4,2,4,2,2,3,5,4,4,5,2,0,0.0,0
7339,7364,0,0,34,1,0,308,2,0,2,3,4,2,4,4,1,3,1,2,1,4,0,0.0,0
7256,7281,1,1,42,1,0,562,1,2,5,2,3,4,4,1,1,1,1,4,1,4,0,0.0,0
3376,3389,1,1,27,0,0,3784,2,4,2,4,2,2,2,4,5,5,4,2,3,2,0,0.0,0
8841,8872,1,1,39,1,2,725,5,4,5,5,5,5,5,5,4,5,4,5,3,5,282,263.0,1
7971,7999,0,1,7,0,0,2176,2,5,2,2,5,2,5,5,3,2,2,1,4,5,0,0.0,0
8204,8233,1,1,65,0,1,1014,3,2,3,4,3,2,3,5,5,3,3,2,5,1,0,0.0,0
3259,3272,1,1,22,1,2,1533,3,3,3,3,4,4,4,4,3,5,5,5,3,4,0,0.0,1
3191,3203,1,1,34,1,2,602,2,5,5,5,1,2,3,2,2,2,2,3,2,4,3,0.0,0
5836,5856,0,1,62,0,0,397,2,4,2,3,2,2,4,2,4,3,4,5,4,2,71,62.0,0
2400,2410,1,1,52,1,0,500,3,5,5,5,4,3,3,3,3,3,3,1,3,2,0,0.0,0
6758,6781,0,1,40,1,2,1050,4,4,1,4,5,1,5,5,5,5,5,2,5,3,0,0.0,1
7457,7484,1,0,20,1,0,687,2,2,2,1,1,2,1,1,3,5,4,3,4,1,8,0.0,0
484,485,1,1,31,1,1,101,5,5,5,5,5,5,5,5,3,2,5,2,4,5,0,0.0,1
7514,7541,0,0,24,1,0,985,2,2,2,4,3,2,3,3,5,3,4,3,4,3,7,1.0,1
2864,2875,0,1,50,0,0,550,2,2,2,4,3,2,3,3,1,1,3,4,4,3,9,14.0,0
5240,5260,1,0,25,1,2,2611,2,5,2,3,3,2,3,3,4,2,5,5,4,3,3,0.0,0
2064,2072,1,1,45,1,0,599,4,5,5,5,5,4,3,4,4,4,4,2,4,2,0,0.0,1
8522,8552,0,1,46,1,2,3301,3,3,3,3,2,4,4,5,5,5,5,4,5,3,8,1.0,1
9710,9743,0,1,55,0,0,2402,1,2,1,4,1,2,2,3,2,3,4,2,3,2,0,3.0,0
3068,3079,0,0,21,1,0,192,4,1,4,4,4,4,4,4,2,3,3,2,4,4,0,2.0,0
1266,1272,0,0,37,1,0,628,3,4,3,3,3,3,3,3,3,5,3,1,3,3,0,0.0,0
691,693,1,0,39,1,2,2065,4,4,4,4,2,4,2,2,4,4,4,2,3,2,15,10.0,0
8577,8607,0,1,43,0,0,1489,3,5,3,2,2,3,2,2,5,3,5,5,5,2,0,0.0,0
9670,9703,1,1,55,1,0,695,3,4,4,4,2,4,3,2,2,3,2,1,2,1,0,0.0,0
3187,3199,1,1,23,0,2,370,2,4,2,3,1,2,1,1,2,2,3,4,4,1,0,0.0,0
8690,8721,0,0,25,1,0,606,5,4,5,2,4,5,4,4,1,4,4,1,1,4,0,0.0,1
7105,7130,1,1,55,1,2,2121,5,5,5,5,3,5,5,5,5,5,5,5,5,4,0,32.0,1
5273,5293,0,1,59,1,2,1978,2,2,3,2,2,5,4,4,4,4,4,5,4,5,11,16.0,1
6160,6180,1,1,39,0,0,481,4,3,4,4,3,4,3,3,1,1,4,2,3,3,4,16.0,1
3496,3509,1,1,50,1,2,1521,3,3,3,3,3,4,5,4,4,4,4,4,4,4,7,0.0,1
550,551,1,1,58,1,2,2486,2,2,2,2,5,5,4,4,4,4,4,5,4,5,0,0.0,1
218,218,1,1,17,1,0,460,3,3,3,3,3,3,2,3,2,4,3,3,3,3,0,0.0,0
2588,2599,0,1,26,1,2,1020,3,3,3,3,4,4,4,4,3,4,5,4,5,4,0,0.0,1
7361,7387,1,1,7,0,0,1157,3,4,3,2,5,3,5,5,5,2,4,4,4,5,0,0.0,0
2282,2291,1,1,56,0,1,273,2,4,2,3,3,3,3,4,4,2,4,2,4,2,67,63.0,0
2144,2152,1,1,50,0,1,448,3,1,3,3,2,3,3,1,1,3,1,1,1,3,0,0.0,0
1515,1522,0,0,43,1,0,391,3,2,3,3,3,3,3,3,4,3,3,4,4,3,0,0.0,0
3911,3926,1,0,40,1,2,331,4,4,4,5,5,4,5,5,1,1,5,2,5,5,0,0.0,0
8670,8701,0,1,49,1,0,896,4,5,5,5,4,4,4,4,4,5,1,3,5,4,0,0.0,1
9040,9071,1,1,45,1,2,1389,3,3,3,3,5,4,4,2,2,2,2,4,2,4,0,0.0,1
8183,8212,0,1,40,1,2,258,2,2,2,2,5,4,4,4,4,4,4,5,4,3,62,60.0,1
3016,3027,1,1,44,1,2,3384,5,5,4,5,5,5,4,3,3,3,3,3,3,5,0,0.0,1
1462,1469,0,1,17,0,0,427,2,3,2,4,2,2,2,2,3,3,3,2,4,2,1,0.0,0
5924,5944,0,1,15,0,0,374,3,0,3,3,4,3,1,4,1,2,5,2,2,4,0,0.0,0
4867,4886,1,1,27,1,2,1846,2,4,4,4,2,2,2,2,4,3,3,4,4,2,16,1.0,0
8071,8100,0,1,16,0,1,569,3,3,4,2,3,4,3,3,2,2,3,1,2,3,0,0.0,0
2639,2650,0,1,38,0,1,332,4,1,5,3,1,5,1,1,4,2,3,1,3,1,107,96.0,0
2670,2681,0,1,44,1,2,2651,3,3,3,3,4,5,5,4,4,4,4,5,4,3,0,0.0,1
372,373,0,1,29,1,2,1846,4,4,4,4,5,5,5,5,5,2,4,3,4,5,6,1.0,1
8883,8914,0,1,33,1,2,3305,3,3,3,3,2,2,2,2,5,2,5,5,4,2,91,86.0,1
3833,3847,1,1,67,0,0,1448,3,4,3,4,5,3,3,1,1,3,5,2,1,1,4,0.0,0
5569,5589,1,0,21,1,0,236,0,3,0,4,4,0,4,4,2,3,1,1,2,4,0,0.0,1
473,474,1,1,49,0,0,204,3,5,3,1,2,2,4,1,1,3,1,5,1,5,0,0.0,0
5387,5407,0,1,48,1,2,2384,4,4,4,4,3,5,5,4,4,4,4,3,4,4,0,0.0,1
2929,2940,0,1,70,0,0,102,2,5,2,3,4,2,4,4,3,2,4,4,5,4,0,0.0,0
6637,6659,0,1,58,1,2,3748,5,5,5,5,2,4,4,5,5,5,5,3,5,4,0,9.0,1
1233,1239,1,1,7,0,0,1749,2,2,2,4,2,2,2,2,3,4,4,1,3,2,60,35.0,0
8840,8871,1,1,56,1,2,2040,4,4,4,4,5,5,4,4,4,4,4,4,4,4,2,4.0,1
1085,1091,1,1,17,0,0,977,3,3,3,3,2,3,2,2,3,3,2,5,2,2,20,17.0,0
6009,6029,0,1,40,1,0,1050,4,3,3,3,4,4,4,4,1,2,5,2,2,4,0,0.0,1
6482,6504,0,0,31,1,0,1441,1,1,1,3,3,1,3,3,1,4,4,1,3,3,18,6.0,0
408,409,1,1,60,1,0,351,5,5,5,5,4,5,4,5,5,5,5,5,5,5,0,0.0,1
7379,7406,0,1,55,1,2,2730,5,5,1,5,4,5,4,5,5,4,5,5,5,4,22,15.0,1
1890,1898,1,1,29,1,2,2691,4,4,5,4,4,3,4,4,4,5,4,5,4,4,0,0.0,1
8549,8579,1,0,43,1,0,223,1,0,1,1,5,1,5,5,3,4,5,1,4,5,0,0.0,0
9904,9939,1,0,21,1,0,160,3,4,3,3,2,3,2,2,2,3,4,2,1,2,0,0.0,0
6836,6859,0,1,11,0,0,1733,1,4,1,1,5,1,1,5,5,4,3,3,2,5,0,0.0,0
9650,9683,1,1,27,1,1,679,4,4,4,4,4,4,4,4,1,3,4,4,2,4,0,0.0,1
3501,3514,1,1,62,0,0,549,3,4,4,2,5,4,5,3,3,4,3,3,3,4,0,0.0,0
2463,2473,0,1,23,1,2,1921,2,2,2,2,4,4,4,4,3,2,4,4,2,4,0,0.0,1
9468,9499,0,0,24,1,2,735,5,5,5,5,3,5,3,3,3,4,4,3,4,3,0,0.0,1
8382,8412,1,0,16,1,2,972,0,0,0,3,4,0,4,4,4,5,4,3,4,4,0,0.0,1
9910,9945,0,1,54,1,0,550,3,2,2,2,3,3,3,3,4,5,3,4,2,3,0,0.0,0
6799,6822,0,0,22,1,0,101,4,0,5,5,3,5,3,3,4,1,2,3,5,3,0,3.0,1
1600,1607,1,0,21,1,0,641,2,1,2,4,2,2,2,2,1,2,4,3,3,2,0,0.0,0
4363,4380,0,0,11,1,0,491,1,4,1,4,4,1,4,4,4,5,4,4,3,4,0,0.0,0
5769,5789,1,1,69,0,1,184,2,4,2,5,5,5,5,2,2,2,2,4,2,5,0,0.0,0
6033,6053,1,1,29,1,2,2354,3,4,4,4,3,3,3,3,3,2,4,1,4,3,0,0.0,0
5625,5645,1,1,49,0,0,759,1,4,1,1,2,4,4,1,1,1,5,5,1,5,0,0.0,0
9926,9961,0,1,39,1,2,2419,1,1,5,1,5,5,4,5,5,4,5,5,5,3,26,22.0,1
286,287,0,1,8,0,0,1542,2,4,2,5,1,2,1,1,3,2,4,5,5,1,4,11.0,0
1104,1110,1,0,43,1,1,162,4,3,3,2,2,4,2,2,4,2,1,2,1,2,80,75.0,0
5414,5434,0,1,48,1,2,2968,1,3,3,3,3,2,3,1,1,1,1,1,1,3,0,0.0,0
1967,1975,0,1,50,1,2,2160,1,1,1,1,3,5,4,4,4,4,4,3,4,4,0,0.0,1
1163,1169,0,1,46,1,2,3567,2,2,2,2,4,4,3,2,2,2,2,4,2,1,13,17.0,0
8663,8694,0,1,46,1,2,2378,3,3,3,3,4,4,4,5,2,5,2,4,3,4,0,1.0,1
3604,3617,0,1,59,1,2,1979,5,5,5,5,3,5,4,4,4,4,4,5,4,5,0,0.0,1
1562,1569,0,1,64,0,0,1608,1,5,1,3,2,1,2,2,3,5,4,4,4,2,0,0.0,0
2227,2235,0,1,68,0,0,1102,1,4,1,1,4,1,4,4,1,1,1,3,3,4,102,89.0,0
9625,9658,0,1,49,0,2,1069,2,4,2,3,5,5,4,5,5,2,5,4,5,3,8,10.0,0
6595,6617,1,1,47,1,2,456,1,1,3,1,4,4,4,4,4,4,4,3,4,5,0,0.0,1
4009,4026,1,1,53,0,0,309,2,3,4,3,3,4,4,4,4,4,4,4,4,4,0,0.0,0
8460,8490,1,1,52,1,0,728,4,1,1,1,2,2,4,4,4,4,4,4,4,5,0,0.0,1
8319,8349,0,1,41,0,0,842,4,4,4,2,4,4,4,4,1,5,5,4,1,4,13,0.0,0
6619,6641,1,0,37,1,2,460,2,2,2,3,2,2,2,2,3,3,4,5,4,2,0,0.0,0
4274,4291,0,1,65,0,2,1598,2,5,2,4,4,4,4,2,2,2,2,3,2,3,0,0.0,0
9026,9057,1,1,51,1,2,2126,1,1,1,1,3,5,4,5,5,5,5,3,5,3,4,29.0,1
9835,9870,1,1,53,1,2,1789,5,5,5,5,4,4,5,2,2,2,2,3,2,4,59,56.0,1
994,1000,0,1,38,1,2,135,2,2,2,2,5,5,5,5,5,5,4,3,5,5,0,0.0,1
5137,5157,1,1,42,0,0,2173,4,5,4,3,4,4,5,1,1,4,1,5,1,5,1,0.0,1
3160,3172,0,1,56,1,0,196,4,5,5,5,4,4,4,4,3,4,4,2,4,4,52,39.0,0
913,919,0,1,43,1,2,1068,2,2,2,2,2,4,4,4,4,4,4,5,4,4,0,0.0,1
7103,7128,0,1,18,1,1,1020,4,1,1,1,4,4,1,4,4,1,4,3,3,4,42,36.0,0
7737,7764,0,0,37,1,2,675,1,1,1,3,1,1,1,1,4,5,5,5,4,1,1,16.0,0
1851,1859,0,1,69,1,2,163,0,5,0,3,5,3,4,5,5,5,5,4,5,4,47,57.0,1
8453,8483,0,1,69,0,1,590,1,3,1,4,1,1,1,1,4,5,4,2,4,1,2,1.0,0
9453,9484,0,1,24,0,0,697,4,5,4,3,4,4,5,4,5,5,5,3,4,4,42,33.0,0
5551,5571,0,1,33,1,2,500,4,4,4,4,4,4,4,4,1,1,5,1,2,4,0,13.0,1
9853,9888,1,1,34,1,1,1464,0,0,0,3,2,0,2,2,5,5,4,4,5,2,3,14.0,1
6332,6353,0,1,23,0,0,328,1,1,1,2,3,1,3,3,4,3,2,1,3,3,22,55.0,0
2048,2056,1,1,46,0,0,602,4,4,4,1,3,5,5,1,1,4,1,3,1,5,2,0.0,0
4593,4611,0,1,67,0,0,1262,1,5,1,1,5,1,5,5,3,3,4,3,5,5,0,0.0,0
7301,7326,0,0,16,1,0,309,4,4,4,4,5,4,5,5,2,1,4,2,4,5,0,0.0,0
8109,8138,0,1,20,0,0,483,2,3,2,3,5,2,5,5,5,2,3,2,4,5,91,82.0,0
1685,1693,1,1,59,1,2,231,5,5,5,5,2,1,1,4,4,4,4,3,4,5,0,0.0,1
4471,4489,1,1,60,0,0,125,4,3,4,5,2,2,2,1,1,4,1,2,1,5,0,0.0,0
7443,7470,0,1,53,0,0,594,3,4,3,3,5,3,5,5,2,1,4,4,3,5,0,0.0,0
6025,6045,0,0,39,1,2,221,4,4,4,3,4,4,4,4,2,2,4,2,4,4,0,0.0,0
6807,6830,1,1,7,1,2,3110,3,2,5,5,3,3,3,3,4,2,3,3,3,3,0,0.0,0
4879,4898,0,1,53,1,2,715,1,1,2,1,4,5,5,4,4,4,4,3,4,3,5,8.0,1
3829,3843,1,1,55,0,1,1050,4,3,3,1,4,2,4,1,1,3,1,5,1,4,29,24.0,0
7260,7285,0,0,32,1,2,309,3,3,3,2,4,3,4,4,5,4,5,3,5,4,0,0.0,0
5712,5732,0,1,44,1,1,1541,5,3,3,3,5,5,5,5,5,5,4,3,4,5,10,32.0,1
8100,8129,1,0,22,1,2,1546,5,0,5,4,1,0,5,1,5,2,5,4,4,1,18,13.0,1
2663,2674,0,1,53,1,2,1641,0,0,0,4,2,5,4,5,5,5,3,4,5,3,0,16.0,1
4781,4800,1,0,38,1,2,333,5,4,4,5,4,4,4,4,3,2,4,5,5,4,0,0.0,1
7898,7926,1,1,39,1,2,369,2,2,2,2,3,1,2,2,2,2,2,2,2,3,0,0.0,1
1410,1417,0,1,23,1,2,3756,1,1,1,1,3,3,3,3,3,4,5,5,4,3,2,0.0,1
1206,1212,0,1,19,0,0,236,2,4,0,1,4,0,3,4,4,3,5,5,4,4,0,0.0,0
3195,3207,0,1,63,1,1,115,4,1,1,1,4,4,4,4,4,4,4,4,4,4,0,2.0,1
3600,3613,0,1,22,1,2,2168,1,3,3,3,1,1,1,1,3,3,3,1,4,1,26,36.0,0
1646,1654,1,1,57,1,2,3242,3,3,3,3,3,4,5,5,5,5,5,3,5,5,11,5.0,1
8588,8618,0,1,51,1,2,3993,3,3,3,3,3,4,5,4,4,4,4,3,4,5,24,11.0,1
5166,5186,0,1,56,1,0,829,1,3,3,3,1,1,1,1,1,2,4,3,3,1,6,0.0,0
8232,8261,0,1,30,1,2,1970,5,5,5,5,5,5,5,5,4,4,5,3,5,5,0,0.0,1
597,598,1,1,41,1,0,416,5,2,2,2,5,5,5,5,4,1,1,4,4,5,10,5.0,1
881,887,1,0,22,1,0,842,2,2,2,2,2,2,2,2,1,4,3,4,3,2,13,23.0,0
1633,1641,0,0,39,1,2,370,1,1,1,4,5,1,5,5,4,5,5,5,5,5,11,9.0,0
1073,1079,0,0,20,1,0,770,2,2,2,2,4,2,5,4,3,2,5,3,5,4,5,0.0,0
128,128,1,1,45,1,2,346,1,1,1,1,2,3,3,4,4,4,4,5,4,4,0,0.0,1
8083,8112,1,1,35,1,0,1674,5,2,1,2,5,5,5,5,4,5,4,1,5,5,0,4.0,1
5518,5538,0,1,56,0,0,404,2,2,2,4,1,2,3,1,1,5,3,4,3,1,6,5.0,0
7816,7843,1,1,57,0,1,247,2,4,2,4,2,5,4,4,4,2,4,5,4,3,79,69.0,0
6863,6886,1,0,25,1,1,2381,4,0,4,1,5,4,5,5,5,1,3,5,1,5,2,10.0,0
3368,3381,0,1,35,0,0,650,3,5,3,4,5,3,3,5,2,2,1,3,5,5,0,0.0,0
9063,9094,0,1,35,1,1,937,4,4,4,4,4,4,4,4,1,3,4,1,3,4,0,0.0,1
8651,8682,1,1,23,0,0,272,2,4,2,3,5,2,5,5,5,4,4,5,5,5,0,11.0,0
3881,3896,1,1,59,1,2,1440,1,1,4,1,4,5,5,4,4,4,4,4,4,4,51,29.0,1
9100,9131,0,0,25,1,0,577,3,3,3,4,2,3,2,2,3,4,4,3,4,2,6,0.0,0
8456,8486,1,1,39,1,2,2218,3,3,3,3,2,4,4,4,4,4,4,3,4,4,0,0.0,1
4481,4499,1,1,10,0,2,177,3,4,3,2,1,3,1,1,2,3,1,2,4,1,0,0.0,0
6957,6981,1,0,20,1,0,338,1,3,1,3,3,1,3,3,2,1,4,4,4,3,1,0.0,0
1571,1578,1,1,31,1,2,3040,2,2,2,2,2,2,2,2,4,1,2,4,3,2,27,42.0,1
1879,1887,0,0,23,1,2,984,4,0,4,2,2,4,2,2,4,2,3,4,5,2,0,0.0,1
5397,5417,1,1,64,1,2,1984,2,4,4,4,2,2,2,3,1,2,3,2,4,2,152,129.0,0
2039,2047,1,1,35,0,0,319,3,3,3,4,3,3,3,3,4,1,4,4,5,3,55,45.0,0
4528,4546,1,1,54,1,0,489,4,1,1,1,2,4,5,4,4,4,4,1,4,1,0,0.0,1
6682,6704,1,1,17,1,2,1860,5,5,2,5,3,3,3,3,2,1,4,4,3,3,3,0.0,1
2028,2036,1,0,35,1,0,1617,1,1,1,2,4,1,4,4,3,2,3,3,2,4,14,1.0,0
2158,2166,1,1,39,1,2,1615,5,5,5,5,2,3,2,2,2,2,2,5,2,1,9,14.0,1
2912,2923,1,1,39,1,2,3974,2,2,2,2,4,4,5,4,4,4,4,4,4,3,0,0.0,1
1814,1822,0,1,37,1,2,2907,3,1,1,1,1,3,3,3,3,3,3,2,3,1,3,0.0,0
8239,8268,0,1,59,1,2,3097,2,2,2,2,3,5,5,4,4,4,4,4,4,4,0,0.0,1
6764,6787,0,1,69,0,0,645,1,2,1,3,2,1,3,2,4,3,3,4,3,2,50,36.0,0
3682,3695,1,1,67,0,1,1437,3,2,3,3,4,4,4,4,4,3,4,4,4,3,0,0.0,0
7996,8024,1,1,37,1,2,2013,2,5,5,5,1,4,4,2,2,2,2,2,2,4,0,0.0,0
712,714,1,1,71,1,2,2939,1,1,1,1,5,3,4,1,1,1,1,3,1,1,0,0.0,0
625,626,1,1,42,1,2,1777,0,5,0,1,2,4,4,5,5,1,1,3,5,3,0,2.0,1
763,767,1,0,29,1,2,802,2,2,2,3,5,2,5,5,4,4,4,5,4,5,66,56.0,0
3886,3901,1,1,41,1,2,2097,3,3,3,3,2,5,5,5,5,5,5,3,5,3,24,11.0,1
2813,2824,1,1,42,1,2,151,3,3,3,3,5,3,3,4,4,4,4,2,4,5,106,104.0,1
6087,6107,0,1,10,0,0,529,4,3,4,4,3,4,3,3,3,3,3,2,3,3,34,27.0,0
6947,6971,0,1,27,1,1,997,3,4,4,4,3,3,3,3,3,5,4,2,4,3,43,29.0,0
8034,8062,1,1,44,1,2,2133,2,2,2,2,3,4,5,4,4,4,4,4,4,4,1,0.0,1
3013,3024,0,0,28,1,2,1363,0,0,0,3,5,0,5,5,5,2,4,3,5,5,6,0.0,1
6369,6390,0,1,45,0,1,817,1,3,1,5,5,1,5,5,4,4,5,4,4,5,0,0.0,0
9216,9247,1,0,23,1,0,1353,3,3,3,4,4,3,4,4,4,2,4,1,3,4,0,0.0,0
2901,2912,0,1,18,0,0,937,2,3,2,4,1,2,1,1,5,2,1,5,2,1,6,1.0,0
112,112,1,1,14,1,2,3421,2,1,1,1,2,2,2,2,3,2,3,2,4,2,1,0.0,0
9694,9727,0,1,38,1,2,3541,4,4,4,4,2,5,2,4,4,4,4,3,4,5,5,0.0,1
1545,1552,0,1,41,1,2,2730,5,5,5,5,3,4,4,5,5,5,5,5,5,3,0,0.0,1
5553,5573,1,1,34,1,2,1975,2,2,2,2,3,4,4,2,2,2,2,1,2,3,0,0.0,0
2941,2952,0,1,33,1,2,259,4,4,4,4,3,4,3,3,1,4,4,1,2,3,21,21.0,1
3433,3446,1,1,47,0,0,544,3,3,3,4,3,3,4,1,1,3,1,4,1,1,0,0.0,0
4109,4126,1,1,41,1,0,227,1,3,3,3,1,1,1,4,4,3,4,1,2,1,132,133.0,0
5438,5458,1,1,13,0,0,321,5,4,5,4,3,5,3,3,5,4,4,4,1,3,0,0.0,1
9440,9471,1,1,70,0,0,1379,3,3,3,3,2,4,3,2,2,3,2,1,2,1,49,38.0,0
804,809,0,1,22,0,0,990,4,5,4,1,4,5,5,2,3,4,2,5,5,5,243,267.0,0
229,229,1,1,18,0,0,190,4,4,0,4,5,0,5,5,2,3,3,1,4,5,0,0.0,1
8233,8262,1,1,62,0,0,602,1,3,1,3,3,2,2,4,4,1,4,1,4,2,0,0.0,0
7900,7928,0,1,30,0,0,223,2,0,2,1,2,2,2,2,4,5,4,3,4,2,49,47.0,0
5344,5364,1,1,49,1,2,2565,3,2,3,3,4,4,4,4,3,5,4,4,4,4,2,16.0,1
6505,6527,1,1,28,0,0,852,2,5,3,1,5,3,5,5,5,3,4,4,5,5,0,0.0,0
8165,8194,1,0,44,1,0,842,3,3,3,3,4,3,4,4,1,5,4,3,3,4,0,0.0,0
3304,3317,1,1,55,0,0,594,3,3,3,5,2,4,1,4,4,3,4,4,4,5,8,10.0,0
2344,2353,0,1,13,0,0,383,1,4,1,2,4,1,4,4,3,4,5,3,4,4,0,9.0,0
9228,9259,0,1,32,1,2,2220,4,4,4,4,4,4,4,4,4,4,4,5,4,4,0,0.0,1
234,234,1,0,26,1,2,214,5,5,5,3,4,5,4,4,4,4,4,4,5,4,0,1.0,1
6899,6923,0,1,35,1,2,2464,2,2,2,2,2,4,4,2,2,2,2,3,2,2,17,7.0,0
4355,4372,0,0,27,1,2,414,5,5,5,1,2,5,1,2,3,2,5,4,5,2,15,12.0,1
5992,6012,1,1,42,1,2,1525,4,4,4,4,4,5,5,4,4,4,4,5,4,5,3,0.0,1
8106,8135,1,0,22,1,0,1121,4,4,4,4,1,4,1,1,4,4,1,3,1,1,28,31.0,0
4936,4955,1,1,21,0,0,372,3,4,3,4,1,3,1,1,3,2,5,2,5,1,40,23.0,0
2958,2969,1,1,42,1,2,89,0,4,0,1,4,4,5,3,3,3,3,5,3,1,0,0.0,1
956,962,0,1,13,0,0,4243,4,0,5,3,5,2,5,2,4,3,1,5,2,5,0,0.0,0
5546,5566,0,1,50,0,0,639,3,5,4,1,3,4,3,3,4,3,5,4,4,3,0,0.0,0
6118,6138,0,1,67,0,1,134,2,5,2,2,1,2,1,1,4,5,2,3,4,1,0,0.0,0
6345,6366,1,0,24,1,2,831,0,4,0,3,3,0,3,3,5,3,3,3,4,3,0,0.0,1
3506,3519,1,1,44,1,0,216,4,1,1,1,5,3,3,4,4,4,4,1,4,3,0,0.0,0
8631,8662,1,1,58,1,2,2475,3,3,3,3,3,5,4,4,4,4,4,3,4,4,0,0.0,1
9918,9953,1,1,45,0,1,589,3,4,3,3,2,4,5,3,3,3,3,4,3,4,8,0.0,0
9783,9818,1,1,41,0,0,355,2,4,2,5,5,2,5,5,2,4,2,3,5,5,0,0.0,0
6551,6573,1,0,49,1,2,308,4,4,4,4,5,4,5,5,3,2,4,4,5,5,0,6.0,1
891,897,1,0,44,1,0,374,1,0,1,3,3,1,3,3,2,1,4,1,4,3,0,0.0,0
2512,2523,1,1,38,1,0,192,3,3,3,3,3,3,3,3,4,2,4,4,4,3,0,0.0,0
9177,9208,1,1,51,1,2,342,4,4,4,4,4,5,5,4,4,4,4,3,4,5,0,0.0,1
6830,6853,1,1,18,0,0,1127,2,5,2,3,3,2,3,3,4,4,4,3,5,3,0,0.0,0
8469,8499,1,0,48,1,0,1319,2,2,2,3,5,2,5,5,1,2,4,4,4,5,80,57.0,0
2364,2373,0,1,45,0,1,86,1,5,1,1,1,1,1,1,3,5,4,3,4,1,0,0.0,0
1167,1173,1,1,47,0,1,552,2,4,2,3,4,3,3,4,4,2,4,4,4,2,0,26.0,0
4598,4616,0,1,52,0,0,759,1,2,1,4,2,1,2,2,1,4,4,2,3,2,0,0.0,0
4161,4178,0,1,40,1,2,3973,3,3,3,3,2,4,4,3,3,3,3,5,3,3,10,2.0,1
7609,7636,0,1,56,1,2,472,3,5,2,5,2,3,3,3,3,3,3,4,3,4,33,25.0,0
1332,1338,1,1,15,0,0,197,4,5,4,5,2,4,2,2,3,2,4,3,4,2,63,91.0,0
5521,5541,1,1,24,0,0,861,2,2,2,1,2,2,2,2,2,3,2,1,2,2,44,42.0,0
2506,2517,1,1,54,1,2,2509,4,4,4,4,3,5,4,3,3,4,3,3,3,3,6,0.0,1
4315,4332,1,1,59,1,2,1819,4,4,4,4,3,1,3,4,4,4,4,3,4,5,32,14.0,1
1463,1470,1,1,42,1,2,2704,5,5,5,5,2,3,5,5,5,5,5,5,5,4,0,0.0,1
1404,1411,0,1,20,1,2,594,5,5,5,5,2,2,2,2,4,5,4,3,5,2,0,0.0,1
4888,4907,0,1,45,1,0,984,5,3,3,3,5,5,5,5,5,5,5,3,2,5,0,0.0,1
5495,5515,0,1,42,1,2,1959,3,1,1,1,5,3,3,3,3,3,3,4,3,4,70,58.0,0
8458,8488,0,0,16,1,0,960,1,1,1,4,1,3,3,3,3,5,5,3,5,3,0,0.0,0
858,863,1,1,22,1,2,2545,3,3,4,3,4,4,4,4,4,4,5,3,4,4,17,0.0,1
6780,6803,0,1,66,0,2,919,4,4,4,1,3,5,4,1,1,4,1,4,1,3,74,61.0,0
2954,2965,1,0,18,1,2,500,0,0,0,4,4,0,4,4,3,3,5,3,4,4,0,0.0,1
9333,9364,1,1,45,1,2,3344,1,1,1,1,5,5,5,4,3,5,5,5,3,5,163,157.0,1
1620,1627,0,0,41,1,2,345,4,4,4,3,5,4,5,5,3,5,4,4,5,5,60,59.0,1
6061,6081,0,1,29,1,0,1250,5,1,1,1,5,5,5,5,5,1,4,1,2,5,72,89.0,1
9011,9042,1,0,22,1,0,813,1,2,2,3,4,2,4,4,4,2,5,4,5,4,0,0.0,0
9817,9852,0,1,42,1,2,1797,5,5,5,5,5,4,5,4,4,4,4,4,4,4,0,0.0,1
43,43,1,1,62,1,0,192,1,1,1,1,1,3,3,1,1,1,1,3,1,3,5,18.0,0
736,739,0,1,34,1,2,3608,3,3,3,3,4,2,3,4,4,4,5,5,4,4,0,0.0,1
8700,8731,1,1,11,0,0,308,3,5,3,3,2,3,2,2,4,5,4,3,5,2,0,0.0,0
397,398,0,1,57,0,0,239,1,4,1,3,2,1,2,2,3,4,4,4,5,2,8,3.0,0
4837,4856,0,1,43,1,2,2357,4,4,4,4,3,4,4,5,5,5,5,3,5,4,0,4.0,1
3727,3740,1,1,70,0,0,255,2,4,0,3,4,5,5,4,4,0,4,4,4,4,21,19.0,0
8486,8516,0,1,42,1,2,3228,4,4,4,4,3,5,2,4,4,4,4,5,4,3,0,0.0,1
587,588,1,0,24,1,0,843,0,0,0,2,5,0,5,5,4,1,2,4,2,5,0,0.0,1
3072,3083,1,1,65,0,2,482,3,2,3,3,4,4,3,2,2,3,2,2,2,3,0,0.0,0
8120,8149,0,1,35,1,2,1476,5,5,5,5,4,2,4,4,4,4,4,2,4,2,0,0.0,1
1731,1739,1,1,43,1,2,997,4,3,4,4,4,5,4,3,3,3,3,3,3,4,0,0.0,1
2257,2266,1,1,39,0,0,544,2,3,2,2,3,2,5,3,1,1,3,4,1,3,0,30.0,0
921,927,1,0,24,1,0,421,3,1,3,4,3,3,3,3,3,1,4,3,3,3,11,14.0,0
4016,4033,1,1,44,1,2,1842,1,5,5,5,1,3,3,1,1,1,1,1,1,2,6,0.0,0
8258,8288,1,1,41,0,1,1065,4,5,4,2,3,4,5,5,5,4,5,5,5,3,2,42.0,0
6014,6034,0,1,55,1,2,321,0,0,0,4,5,5,5,5,5,5,5,4,5,4,25,25.0,1
6950,6974,0,1,59,1,2,315,4,4,4,4,4,4,4,4,4,4,4,4,4,4,62,68.0,1
4329,4346,1,1,8,0,0,746,4,5,4,3,3,4,3,3,3,4,5,5,5,3,53,76.0,0
6935,6959,1,1,32,1,2,1869,4,4,4,4,4,4,4,4,3,2,4,2,1,4,0,1.0,1
7160,7185,1,1,48,1,2,533,2,1,1,1,1,3,4,2,2,2,2,3,2,1,18,30.0,0
7396,7423,1,1,49,1,0,533,4,5,5,5,3,1,2,4,4,4,4,5,4,1,45,40.0,1
825,830,0,1,15,0,0,685,4,4,4,3,1,4,1,1,2,3,4,4,4,1,0,0.0,0
820,825,0,1,70,0,0,721,1,3,1,3,1,1,1,1,3,3,1,4,5,1,0,0.0,0
9848,9883,1,1,29,1,2,533,2,2,2,2,4,4,4,4,4,3,5,4,4,4,1,12.0,1
589,590,0,1,23,1,2,3073,4,4,1,4,5,5,5,5,1,3,1,3,3,5,0,3.0,1
1710,1718,1,1,47,1,2,2039,4,4,4,4,3,4,4,5,5,5,5,3,5,3,2,2.0,1
99,99,0,1,50,1,2,1564,4,2,2,2,2,3,3,4,4,4,4,3,4,4,13,15.0,0
9599,9632,0,1,28,1,2,867,1,2,2,2,1,1,1,1,4,3,4,3,4,1,0,0.0,0
5058,5077,1,1,43,1,2,1919,3,3,3,3,4,4,5,4,4,5,4,3,4,4,16,0.0,1
5818,5838,1,1,29,1,2,862,2,2,2,2,5,5,5,5,4,3,3,5,3,5,14,2.0,1
307,308,1,1,48,1,0,109,5,4,4,4,5,3,1,5,5,5,5,5,5,3,0,0.0,1
7909,7937,1,1,53,1,2,1898,4,4,4,4,2,5,4,5,5,5,5,4,5,3,23,8.0,1
1078,1084,1,1,53,1,2,1963,2,2,2,2,4,5,5,4,4,4,4,4,4,3,1,1.0,1
9458,9489,0,1,44,1,2,1998,1,1,1,1,5,5,5,5,5,5,5,4,5,5,0,0.0,1
6525,6547,0,1,52,1,2,3374,5,5,5,5,2,5,4,5,5,5,5,3,5,3,0,0.0,1
1986,1994,0,1,61,0,2,998,2,3,2,3,5,1,1,3,3,2,4,5,3,3,5,13.0,0
1308,1314,0,1,7,0,0,621,1,4,1,4,2,1,2,2,2,2,1,3,5,2,0,0.0,0
5369,5389,0,1,20,1,1,224,4,5,1,5,4,4,2,4,1,3,4,4,3,4,2,7.0,0
9244,9275,0,0,26,1,2,1119,3,3,3,1,1,3,1,1,1,4,2,4,1,1,64,57.0,0
8099,8128,1,1,28,0,2,1814,3,5,3,5,1,3,1,1,3,3,5,5,4,1,0,0.0,0
7398,7425,0,1,59,0,0,1183,2,4,2,3,3,2,3,3,3,4,3,5,5,3,7,10.0,0
793,798,0,1,18,0,1,2381,3,5,3,1,3,2,2,3,5,5,4,2,3,2,153,140.0,0
2422,2432,1,1,35,1,2,3936,3,1,5,5,5,3,4,2,2,3,3,1,2,1,0,1.0,0
8991,9022,1,1,52,1,2,354,1,1,1,1,2,5,4,4,4,4,4,3,4,3,0,0.0,1
4451,4469,0,1,9,0,0,444,3,4,3,3,3,3,3,3,3,2,5,4,4,3,0,0.0,0
5124,5144,0,1,61,1,2,2998,2,2,4,2,5,5,4,5,5,5,5,5,5,4,0,0.0,1
5493,5513,1,1,66,0,0,1124,3,4,3,5,3,4,5,5,5,3,5,4,5,3,0,0.0,0
2080,2088,1,1,68,0,1,2065,1,4,1,1,3,3,4,1,1,1,1,3,1,3,5,0.0,0
2661,2672,1,1,64,0,0,1182,1,4,1,2,4,3,4,2,2,1,2,5,2,3,0,0.0,0
2065,2073,0,1,18,0,0,533,3,2,2,3,3,2,3,3,1,3,4,3,4,3,2,19.0,0
9200,9231,0,0,34,1,0,759,2,2,2,3,2,2,2,2,2,1,3,4,3,2,0,0.0,0
1893,1901,1,1,61,1,2,3440,5,5,5,5,3,2,3,5,5,4,5,2,5,3,0,0.0,0
5086,5105,1,0,35,1,0,1097,3,3,3,1,1,3,2,1,4,4,2,3,3,1,0,29.0,0
6111,6131,1,0,40,1,2,280,4,5,5,3,5,5,5,5,4,3,5,4,4,5,0,0.0,0
4737,4755,1,1,76,1,0,650,3,2,2,2,4,4,4,4,4,3,4,1,4,2,0,0.0,0
1735,1743,1,0,27,1,2,2153,3,3,3,2,1,3,1,1,4,3,5,3,4,1,0,6.0,0
1806,1814,1,1,39,1,2,2607,2,2,2,2,4,4,4,5,5,5,5,4,5,4,0,0.0,1
9220,9251,1,1,40,0,0,733,4,2,3,3,3,4,4,4,5,3,4,4,4,4,158,155.0,1
5358,5378,1,0,24,1,2,488,4,3,4,4,2,4,5,2,1,3,4,4,1,2,0,0.0,1
6905,6929,1,0,26,1,0,259,3,4,2,4,2,2,4,2,3,2,4,3,4,2,9,10.0,0
8003,8031,0,0,29,1,0,300,4,4,4,2,3,4,3,3,4,3,2,5,3,3,0,0.0,0
1773,1781,0,1,19,0,0,587,3,4,3,5,1,3,1,1,5,3,5,4,4,1,0,0.0,0
2811,2822,1,1,20,0,0,946,3,2,3,3,4,3,4,4,3,2,3,1,3,4,0,0.0,0
7868,7895,1,1,61,1,2,2162,2,2,2,2,4,4,3,2,2,2,2,4,2,1,0,0.0,0
1380,1387,1,1,59,0,0,468,2,4,2,2,1,2,3,5,5,2,5,5,5,2,4,0.0,0
8707,8738,0,1,61,0,0,612,4,0,4,3,1,4,1,1,4,5,4,3,4,1,18,10.0,0
5799,5819,1,1,23,1,2,1013,1,3,3,3,1,1,1,1,2,2,4,3,3,1,14,42.0,0
3123,3135,0,1,50,1,2,733,5,5,5,5,5,5,4,4,4,4,4,5,4,3,4,0.0,1
5446,5466,1,1,49,1,2,1620,2,2,2,2,2,5,4,4,4,4,4,4,4,3,7,9.0,1
6612,6634,0,1,43,1,2,2677,3,3,3,3,3,4,4,3,3,3,3,3,3,3,0,0.0,0
7246,7271,1,0,26,1,0,1310,2,2,2,3,1,2,1,1,2,1,3,3,3,1,0,34.0,0
9893,9928,1,1,18,0,2,413,5,4,5,4,5,5,2,5,3,4,5,3,4,5,7,0.0,1
3847,3862,1,0,21,1,2,1195,0,0,0,4,1,0,1,1,3,5,2,5,1,1,0,0.0,1
1883,1891,1,1,25,1,2,853,5,5,5,5,4,4,4,4,5,5,5,4,5,4,0,12.0,1
1555,1562,1,1,56,1,0,296,4,3,3,3,1,5,5,4,4,4,4,5,4,4,114,116.0,1
3361,3374,0,1,63,0,1,1303,2,5,2,1,3,2,3,3,5,3,5,4,4,3,52,35.0,0
3701,3714,0,1,56,1,2,2556,2,2,2,2,5,4,4,3,2,4,5,4,3,4,28,64.0,1
2519,2530,1,1,43,1,2,3486,1,1,1,1,2,4,5,5,5,4,4,4,5,3,0,11.0,1
8367,8397,1,1,39,0,0,606,3,5,3,3,5,3,5,5,5,5,3,5,1,5,107,90.0,0
2560,2571,1,0,42,1,2,213,2,1,1,5,1,2,1,1,4,5,5,5,5,1,0,0.0,0
6039,6059,0,1,34,0,0,2565,3,4,3,4,4,3,4,4,3,2,4,3,5,4,16,102.0,0
7349,7374,0,1,54,1,2,1464,3,3,3,3,2,5,5,3,3,3,3,3,3,3,0,0.0,1
7876,7903,0,0,40,1,2,1726,4,4,4,3,2,4,2,2,5,3,5,3,4,2,0,0.0,0
3207,3219,0,1,67,1,0,190,3,1,1,1,3,3,3,3,1,3,3,2,3,3,31,22.0,0
1937,1945,1,1,70,0,0,296,3,2,3,3,2,2,2,5,5,3,2,1,5,3,0,0.0,0
32,32,1,1,51,1,2,770,1,1,1,1,2,5,5,2,2,3,2,3,2,4,25,24.0,1
6729,6752,1,0,18,1,0,304,5,3,5,4,4,5,4,4,5,1,5,4,1,4,0,0.0,1
8722,8753,1,0,48,1,0,236,3,0,3,3,5,3,5,5,5,1,3,2,3,5,0,2.0,0
3223,3235,0,0,22,1,0,822,3,3,3,3,5,3,5,5,1,5,2,2,4,5,35,17.0,0
9356,9387,1,1,63,1,2,3767,2,3,3,3,1,3,4,2,2,2,2,3,2,4,0,0.0,0
5008,5027,0,0,20,1,2,373,0,4,0,4,4,0,3,4,5,3,4,3,4,4,0,0.0,1
8659,8690,0,1,24,0,0,1892,4,5,3,2,2,3,1,2,5,1,2,4,1,2,0,0.0,0
8429,8459,0,0,36,1,0,399,4,3,4,3,4,4,4,4,1,2,4,4,1,4,0,0.0,0
5336,5356,0,1,39,0,0,1620,2,4,2,5,4,2,1,4,5,3,4,4,5,4,18,21.0,0
6834,6857,1,1,51,1,2,1947,1,2,2,2,1,1,1,1,5,2,1,1,2,1,168,141.0,0
9900,9935,1,1,25,0,0,667,2,4,1,2,1,1,1,1,3,4,4,4,4,1,4,6.0,0
7472,7499,1,1,40,1,2,859,3,3,3,3,3,5,4,4,4,4,4,5,4,4,0,0.0,1
2038,2046,1,0,26,1,2,429,2,0,2,5,4,2,4,4,4,4,4,5,4,4,42,40.0,0
6241,6262,0,1,48,1,2,1972,1,1,1,1,1,1,1,4,4,4,4,5,4,2,0,0.0,1
3846,3861,1,1,60,1,2,2162,4,4,4,4,3,4,4,4,4,4,4,4,4,4,4,1.0,1
4956,4975,0,1,29,0,0,1448,2,3,2,1,1,2,1,1,1,3,1,1,4,1,0,0.0,0
3764,3778,1,1,18,0,0,936,2,4,2,3,5,2,5,5,4,4,4,3,4,5,0,0.0,0
8556,8586,0,1,40,1,0,410,4,3,3,3,4,4,4,4,5,5,3,3,4,4,0,5.0,1
4579,4597,0,1,59,1,2,2483,2,2,2,2,1,4,3,2,2,2,2,3,2,2,0,0.0,0
5322,5342,1,0,23,1,0,836,4,4,4,3,4,4,1,4,1,4,4,2,3,4,35,24.0,0
394,395,0,1,64,0,0,441,2,1,2,3,3,2,3,3,1,5,2,3,2,3,0,0.0,0
594,595,0,1,17,0,1,612,4,4,4,3,3,4,3,3,1,1,3,2,4,3,0,0.0,0
4939,4958,0,1,39,0,0,780,2,5,2,1,4,2,4,4,3,5,5,4,4,4,0,0.0,0
2122,2130,1,1,47,1,2,2466,3,3,3,3,5,5,3,5,5,5,5,2,5,2,1,0.0,1
342,343,0,1,46,0,0,308,3,5,3,3,2,3,2,2,3,4,5,4,4,2,0,0.0,0
2739,2750,0,1,68,0,1,1506,1,5,0,1,1,0,1,1,3,1,2,4,5,1,8,6.0,0
4857,4876,1,1,62,0,0,280,1,4,1,3,4,4,4,4,4,1,4,4,4,3,0,4.0,0
3818,3832,0,1,43,1,2,404,1,1,1,1,5,5,5,4,4,4,4,4,4,3,0,0.0,1
3571,3584,1,1,46,0,0,557,3,4,3,1,4,5,5,5,5,3,5,5,5,3,14,24.0,0
5289,5309,1,1,51,1,2,1167,4,4,3,4,5,5,5,5,5,5,5,5,5,5,12,0.0,1
9597,9630,0,1,49,1,2,2674,3,3,3,3,4,4,4,4,4,4,4,4,4,3,0,0.0,1
7856,7883,0,1,14,0,0,311,2,4,2,5,4,2,4,4,5,2,5,3,5,4,0,0.0,0
5615,5635,0,1,31,0,0,446,4,5,4,3,4,4,4,4,3,5,4,3,4,4,0,0.0,0
7503,7530,1,0,26,1,0,1201,4,4,4,2,1,4,1,1,1,3,3,5,4,1,5,12.0,0
9581,9614,1,1,33,1,2,354,1,1,5,1,3,4,5,5,5,4,5,1,5,2,0,0.0,1
3423,3436,1,0,45,1,2,967,4,4,4,3,5,4,5,5,5,5,4,5,5,5,78,116.0,1
8759,8790,0,1,39,1,2,992,1,1,1,1,4,5,4,4,4,4,4,4,4,5,0,0.0,1
4850,4869,0,1,46,1,2,2834,2,4,2,4,5,4,3,2,2,2,2,3,2,1,0,0.0,0
6636,6658,1,1,11,0,0,1303,2,5,2,4,3,2,1,3,5,2,5,3,5,3,0,0.0,0
5912,5932,1,1,24,1,0,332,5,4,2,2,5,5,4,5,4,5,5,2,2,5,0,0.0,1
4651,4669,1,1,42,0,2,448,3,4,3,3,1,4,1,3,3,3,3,1,3,2,25,8.0,0
8613,8643,1,1,51,0,0,1139,2,1,2,2,4,3,2,5,5,2,1,4,5,2,0,0.0,0
7409,7436,0,1,37,1,2,262,2,4,2,2,5,4,4,5,5,5,5,5,5,5,0,9.0,1
7319,7344,0,1,56,1,2,1903,0,0,0,1,4,4,4,1,1,1,1,4,1,5,0,0.0,1
5709,5729,1,1,9,0,1,579,2,3,2,3,1,2,1,1,4,5,4,4,4,1,0,0.0,0
2489,2500,1,1,57,1,2,293,4,4,4,4,4,4,5,5,5,5,5,3,5,4,0,0.0,1
4052,4069,1,1,67,0,0,626,2,4,2,1,3,5,4,3,3,2,3,3,3,5,8,4.0,0
1070,1076,0,0,24,1,2,1727,4,4,4,1,4,4,4,4,4,5,5,5,4,4,0,0.0,1
6501,6523,1,1,27,1,0,588,5,3,3,3,5,5,5,5,4,4,4,1,3,5,0,0.0,1
9752,9787,0,1,42,1,2,2369,3,4,4,4,2,4,3,3,3,3,3,4,3,1,26,18.0,0
6855,6878,1,1,63,0,0,599,4,4,4,3,4,4,3,3,3,4,3,1,3,3,0,0.0,0
5385,5405,1,1,44,1,2,2244,5,5,5,5,3,5,1,4,4,4,3,2,4,3,6,8.0,1
9490,9521,1,1,52,1,2,2960,3,3,3,3,2,5,5,5,5,5,5,3,5,5,0,0.0,1
4801,4820,0,1,7,0,0,373,3,5,4,2,5,4,5,5,3,2,1,3,2,5,10,13.0,0
8951,8982,1,1,32,1,2,2024,4,4,4,4,4,4,4,4,3,4,5,3,4,4,0,0.0,1
9544,9576,0,0,24,1,0,449,1,3,1,4,3,1,3,3,3,4,3,1,3,3,24,28.0,0
941,947,1,1,26,1,2,427,4,4,4,4,4,4,4,4,3,5,5,5,5,4,4,18.0,1
5840,5860,0,1,30,1,2,1546,2,3,3,3,2,2,2,2,4,2,4,1,4,2,0,4.0,0
3369,3382,1,1,8,0,0,158,2,5,2,4,5,2,5,5,4,4,4,5,4,5,30,22.0,0
929,935,1,1,55,0,1,775,0,5,0,1,3,5,4,3,3,0,3,4,3,3,0,5.0,1
6200,6220,1,1,54,0,2,597,3,0,4,3,5,5,5,4,4,4,4,4,4,3,0,0.0,0
4097,4114,0,1,29,1,2,1188,1,3,3,3,1,1,1,1,4,3,3,4,4,1,40,35.0,0
3004,3015,0,1,31,1,2,925,1,1,1,1,5,5,5,5,4,2,5,5,4,5,11,6.0,1
8824,8855,0,1,41,1,2,3360,4,1,1,1,1,3,3,4,4,4,4,3,4,2,14,19.0,0
4854,4873,1,1,26,0,1,1747,3,5,3,4,4,3,4,4,5,1,3,3,1,4,15,38.0,0
6307,6328,0,0,24,1,0,1250,3,3,3,3,1,3,1,1,5,2,5,5,4,1,0,0.0,0
2061,2069,0,1,44,1,2,618,2,3,3,3,3,3,4,2,2,2,2,2,2,3,0,0.0,0
2414,2424,1,1,69,0,0,293,1,4,1,1,2,5,5,5,5,1,5,4,5,4,3,5.0,0
1312,1318,1,1,50,1,2,1075,1,1,1,1,4,4,4,1,1,1,1,3,1,4,0,0.0,0
2567,2578,1,1,41,1,1,990,3,3,3,3,2,3,3,3,3,3,3,3,3,4,3,0.0,0
9556,9588,1,0,20,1,0,468,2,0,2,5,2,2,5,2,3,3,4,3,5,2,2,0.0,0
9915,9950,1,1,25,1,0,507,5,2,5,2,5,5,5,5,2,3,3,2,4,5,0,4.0,1
3011,3022,1,1,50,0,0,1023,4,0,5,5,5,4,3,4,4,4,5,3,4,3,368,350.0,0
7756,7783,0,1,56,1,2,1522,2,2,2,2,2,5,4,4,4,4,4,3,4,3,0,0.0,1
7480,7507,0,1,52,0,0,187,1,5,1,5,5,1,5,5,4,4,5,3,5,5,0,5.0,0
1583,1590,1,1,51,0,0,158,3,5,3,2,4,4,5,4,4,3,1,3,4,3,0,0.0,0
8739,8770,1,1,31,1,1,101,4,2,5,2,4,4,4,4,3,3,1,2,1,4,0,0.0,1
5851,5871,1,1,39,0,0,937,1,1,1,3,2,1,2,2,1,2,3,1,3,2,45,55.0,0
7266,7291,0,1,26,1,0,1008,4,3,1,3,4,4,3,4,5,2,3,1,2,4,4,0.0,1
6951,6975,1,0,23,1,0,422,3,5,3,4,5,3,5,5,2,3,3,4,5,5,0,2.0,0
9906,9941,1,1,55,0,0,241,4,4,4,3,4,5,4,5,5,4,5,5,5,5,0,0.0,1
8520,8550,1,0,36,1,2,628,2,2,2,3,2,2,3,2,3,3,5,3,4,2,7,19.0,0
1740,1748,0,1,41,1,0,954,5,4,5,4,5,5,5,5,1,4,5,1,3,5,0,0.0,1
5853,5873,1,1,40,1,0,258,4,2,2,2,4,4,4,4,1,4,4,1,3,4,8,11.0,0
5708,5728,1,0,23,1,2,717,5,0,5,1,4,5,4,4,4,5,5,3,5,4,5,0.0,1
6643,6665,1,1,43,1,2,406,5,5,5,5,5,4,4,5,5,4,5,5,5,5,0,18.0,1
7152,7177,1,0,24,1,0,748,4,4,4,3,1,4,1,1,4,5,5,3,5,1,0,0.0,1
781,785,1,1,34,1,2,2365,2,5,5,5,3,3,4,2,2,2,2,4,2,2,5,2.0,0
1159,1165,0,1,39,1,2,2131,2,2,2,2,2,3,1,4,4,4,4,2,4,5,57,46.0,1
3406,3419,1,1,46,1,2,859,4,4,4,4,2,5,4,5,5,5,5,4,5,4,0,0.0,1
8948,8979,1,1,20,1,2,3948,3,3,3,3,4,4,4,4,3,1,3,2,3,4,0,0.0,1
1186,1192,1,0,41,1,2,629,1,1,1,2,3,1,3,3,3,3,4,4,4,3,0,12.0,0
4699,4717,0,1,18,0,0,259,3,5,3,4,4,3,4,4,5,4,3,4,4,4,0,0.0,0
9262,9293,1,0,38,1,2,187,3,3,3,3,5,3,5,5,4,4,4,4,5,5,0,0.0,0
130,130,1,1,52,0,2,589,3,4,3,4,2,3,3,2,2,3,2,2,2,2,30,22.0,0
2404,2414,1,1,50,0,0,270,1,4,1,2,2,5,5,5,5,1,5,4,5,4,1,0.0,0
975,981,1,1,29,1,2,1428,5,5,5,5,5,5,5,5,2,3,4,2,3,5,0,0.0,1
9826,9861,1,1,32,0,1,216,4,4,4,2,3,4,3,3,4,5,5,3,5,3,0,8.0,0
9195,9226,0,1,36,1,2,1962,1,1,1,1,2,1,4,4,4,5,4,1,4,1,0,0.0,1
9332,9363,0,1,37,1,2,1521,2,2,2,2,3,5,4,4,4,4,4,3,4,4,0,67.0,1
3505,3518,0,1,56,0,0,109,5,5,5,4,5,5,5,5,4,4,5,5,5,5,0,0.0,1
8595,8625,0,1,64,0,0,862,3,5,2,3,4,2,4,4,3,5,5,4,5,4,25,21.0,0
3556,3569,1,1,49,0,0,965,1,4,1,5,2,5,4,1,1,1,1,3,1,5,7,10.0,0
308,309,0,1,50,1,2,3378,2,2,4,2,2,5,4,4,4,4,4,5,4,3,0,0.0,1
1225,1231,1,1,27,1,2,3883,4,2,2,2,4,3,4,4,1,5,3,1,4,4,59,69.0,0
6907,6931,0,0,20,1,2,679,4,0,4,5,2,4,2,2,4,5,5,4,4,2,25,6.0,1
3891,3906,0,1,22,1,2,961,4,4,4,4,3,3,3,2,4,4,2,3,2,3,159,157.0,1
4825,4844,1,1,37,1,2,1908,5,5,5,5,4,5,5,4,4,4,4,4,4,3,0,0.0,1
6748,6771,0,1,46,0,0,1598,4,5,4,4,2,4,2,2,3,2,4,5,5,2,0,0.0,1
6760,6783,1,1,42,1,2,1773,4,4,4,4,2,4,4,4,4,4,4,4,4,5,0,5.0,1
8127,8156,1,1,51,0,0,1222,4,0,5,3,4,4,5,2,2,5,2,4,2,3,0,0.0,0
8610,8640,1,1,25,1,2,637,2,1,2,2,2,2,2,2,1,5,3,2,3,2,0,8.0,0
7287,7312,0,1,50,1,2,737,3,3,3,3,4,4,4,5,5,4,5,3,5,4,4,13.0,1
8052,8081,1,1,27,1,2,3315,3,5,5,5,3,3,3,3,3,4,3,2,2,3,102,98.0,0
8992,9023,1,1,40,1,2,2472,2,5,5,5,2,1,2,2,2,2,2,4,2,3,4,15.0,0
1177,1183,0,1,62,0,0,920,4,5,4,2,3,4,1,3,4,3,4,3,5,3,0,1.0,0
4966,4985,1,1,22,0,0,1199,2,2,2,4,1,2,1,1,2,3,3,3,4,1,55,82.0,0
5471,5491,0,1,38,0,0,164,2,5,0,5,5,0,5,5,3,5,4,5,4,5,4,0.0,0
2305,2314,0,1,21,0,0,723,2,2,2,4,4,2,3,4,4,1,4,2,3,4,0,0.0,0
6270,6291,0,1,64,0,0,695,1,1,1,4,4,1,4,4,1,2,4,4,4,4,0,0.0,0
1628,1636,0,1,63,0,0,1020,3,4,3,3,1,3,1,1,1,4,4,1,4,1,22,36.0,0
2858,2869,1,1,53,0,0,1069,3,4,3,3,5,4,4,4,4,3,4,5,4,5,15,11.0,0
3498,3511,0,1,57,1,2,1999,3,3,5,3,3,4,5,4,4,4,4,4,4,4,39,43.0,1
4236,4253,0,1,41,1,0,359,4,1,1,1,4,4,4,4,2,1,3,2,4,4,30,28.0,0
2942,2953,1,1,68,0,0,666,4,3,4,2,1,5,2,1,1,4,1,5,1,5,2,0.0,0
988,994,0,1,50,0,0,788,5,3,5,3,3,5,3,3,1,1,3,4,2,3,0,0.0,1
1947,1955,0,1,57,1,2,1310,2,2,2,2,4,5,4,4,4,4,4,4,4,4,0,0.0,1
5900,5920,0,1,49,0,0,422,3,0,3,1,2,3,2,2,5,3,5,4,4,2,0,0.0,0
2226,2234,0,1,57,1,2,1464,4,4,4,4,2,4,4,5,5,4,5,3,5,3,0,0.0,1
8201,8230,0,1,31,1,2,3094,3,1,1,1,3,4,3,3,2,3,1,1,5,3,0,0.0,0
9256,9287,1,1,21,1,2,1012,2,2,2,2,5,5,5,5,4,3,4,3,4,5,0,0.0,1
9336,9367,1,1,36,1,1,267,2,3,3,3,2,2,2,2,1,1,3,4,4,2,59,55.0,0
9020,9051,0,1,25,1,2,3681,3,3,3,3,4,4,4,4,4,5,5,1,1,4,0,0.0,1
2975,2986,0,1,37,1,0,332,2,3,4,3,2,2,2,2,4,2,4,1,4,2,0,0.0,0
9854,9889,0,1,36,1,2,241,1,1,5,1,3,4,3,1,1,1,1,2,1,4,0,0.0,0
4507,4525,0,1,56,1,2,516,1,1,1,1,2,5,4,5,5,5,5,4,5,3,15,38.0,1
4494,4512,1,1,41,1,2,3945,1,1,1,1,4,4,5,5,5,5,5,3,5,3,14,0.0,1
6309,6330,0,1,29,0,0,488,1,5,1,3,2,1,2,2,4,4,4,3,5,2,0,0.0,0
574,575,1,1,70,0,0,762,3,5,3,5,3,5,4,2,2,3,2,3,2,5,66,73.0,0
2452,2462,0,0,24,1,0,978,4,4,4,3,2,4,5,2,4,4,3,2,2,2,0,0.0,0
9067,9098,1,1,29,0,0,399,2,5,5,1,4,5,4,4,3,4,4,4,5,4,47,41.0,0
8691,8722,1,1,43,1,0,145,2,1,1,1,3,1,5,2,2,2,2,3,2,4,0,0.0,1
1424,1431,1,1,30,1,2,3084,3,3,3,3,4,4,4,4,3,3,4,4,5,4,0,0.0,1
5738,5758,0,0,26,1,0,965,2,2,2,4,2,2,1,2,4,2,4,1,4,2,39,35.0,0
7887,7915,1,1,38,1,2,1638,4,4,4,4,3,5,4,5,5,5,5,5,5,3,0,1.0,1
108,108,1,0,36,1,1,1075,2,1,1,3,4,1,4,4,1,3,4,3,3,4,21,73.0,0
3986,4002,0,1,46,1,2,888,4,1,4,4,2,5,5,4,4,4,4,3,4,5,3,0.0,1
6246,6267,0,1,60,1,2,2202,2,4,5,4,4,4,3,2,2,2,2,2,2,2,14,16.0,0
552,553,0,1,50,1,2,3858,0,0,0,1,2,4,5,2,2,2,2,3,2,3,0,0.0,1
8550,8580,1,1,31,1,1,925,4,4,4,4,5,5,5,5,2,4,2,4,4,5,5,0.0,1
3497,3510,1,1,57,1,2,1755,3,3,3,3,4,5,4,4,4,4,4,4,4,5,0,0.0,1
4497,4515,1,0,21,1,0,998,3,3,3,3,5,3,5,5,3,5,4,1,4,5,30,29.0,0
8903,8934,0,1,51,1,0,86,4,4,4,4,4,4,4,4,4,2,1,2,3,4,14,1.0,1
830,835,1,1,58,1,0,101,1,2,2,2,5,4,3,1,1,1,1,1,1,4,0,0.0,0
3679,3692,0,1,33,1,2,2753,0,5,0,3,5,5,5,5,5,3,4,5,2,5,0,0.0,1
3668,3681,0,1,37,0,0,852,3,5,3,5,3,3,3,3,5,4,5,4,5,3,0,0.0,0
8682,8713,0,1,40,1,2,1346,5,1,5,5,5,4,4,4,4,4,4,4,4,5,0,13.0,1
2157,2165,1,1,55,1,2,2185,2,2,5,2,5,5,5,5,5,5,5,5,5,3,0,0.0,1
6020,6040,1,0,21,1,2,763,1,4,1,4,5,1,5,5,4,3,3,4,3,5,25,33.0,0
6872,6895,0,1,44,0,0,2125,2,5,3,3,3,3,3,3,1,4,1,2,1,3,0,22.0,0
9654,9687,0,1,59,0,1,692,3,4,3,1,5,3,5,5,3,4,4,5,5,5,43,56.0,0
9608,9641,1,1,42,1,2,2405,3,3,2,3,4,4,5,5,5,5,5,5,5,4,29,19.0,1
1005,1011,0,1,25,1,2,3455,5,5,5,5,5,4,5,5,3,5,5,3,4,5,0,0.0,1
5239,5259,1,0,25,1,0,612,1,4,1,3,1,3,3,1,5,3,4,3,2,3,97,161.0,0
1915,1923,0,1,42,1,2,2090,0,0,0,3,3,4,4,5,5,5,5,3,5,3,0,0.0,1
2625,2636,0,1,51,0,0,239,2,1,2,3,5,2,5,5,4,4,3,2,3,5,6,0.0,0
4521,4539,0,1,47,0,2,101,3,3,3,4,1,4,3,3,3,3,3,2,3,1,0,0.0,0
1989,1997,1,1,15,0,0,216,1,1,1,3,4,1,4,4,4,2,4,4,4,4,0,0.0,0
3329,3342,1,0,43,1,2,998,3,3,3,4,1,3,1,1,3,3,3,1,4,1,0,0.0,0
9715,9748,1,1,43,1,0,391,5,2,3,2,5,5,5,5,4,3,5,5,5,5,469,493.0,1
6122,6142,0,1,57,1,2,1533,3,4,3,3,3,5,4,2,2,2,2,3,2,3,0,0.0,1
600,601,1,1,18,0,0,349,4,4,5,4,5,5,5,5,2,5,4,3,4,5,0,0.0,0
2780,2791,0,1,53,1,0,444,2,5,2,5,2,2,2,2,2,2,3,1,4,2,0,0.0,0
8140,8169,0,1,31,0,0,1042,1,4,1,3,3,1,4,3,3,3,5,3,4,3,2,2.0,0
4730,4748,1,1,60,1,2,264,0,0,0,2,4,1,5,3,3,3,3,2,3,2,0,0.0,1
1038,1044,1,1,48,1,2,3700,4,4,4,4,5,5,4,5,5,5,5,3,5,4,0,0.0,1
8703,8734,0,1,61,1,2,2178,1,3,3,3,4,1,2,1,1,1,1,3,1,3,0,0.0,0
1396,1403,0,1,46,1,2,1857,3,3,3,3,3,3,2,3,3,3,3,2,3,1,0,0.0,0
4314,4331,1,1,44,1,2,1909,4,4,4,4,2,4,4,5,5,5,4,3,5,5,10,0.0,1
8448,8478,0,1,36,1,2,3874,0,0,0,4,1,5,5,2,2,1,1,5,2,3,5,0.0,1
2885,2896,0,1,39,1,2,3057,2,2,2,2,4,5,5,3,3,3,3,4,3,5,0,0.0,1
5798,5818,1,0,31,1,0,1105,3,4,4,4,3,4,2,3,1,5,3,1,4,3,6,16.0,0
2584,2595,0,1,41,0,0,302,4,4,5,1,4,5,4,4,4,3,4,4,4,4,0,0.0,0
9944,9979,1,0,10,1,2,764,1,2,1,3,5,1,5,5,4,5,3,1,3,5,0,0.0,0
136,136,1,1,52,1,2,1590,3,3,3,3,2,5,5,5,5,5,5,4,5,5,0,11.0,1
9282,9313,1,0,22,1,2,442,4,0,4,2,1,4,1,1,4,3,5,5,5,1,39,37.0,1
8175,8204,0,1,48,1,2,1967,3,3,3,3,3,4,4,5,5,5,5,3,5,4,2,7.0,1
67,67,0,1,21,0,0,373,2,3,1,1,3,1,3,3,4,4,5,2,3,3,0,0.0,0
6072,6092,0,1,56,1,2,3216,4,4,4,4,2,5,5,5,5,5,5,3,5,5,0,0.0,1
2430,2440,1,1,35,1,0,1123,3,2,2,2,4,3,3,3,2,3,1,3,3,3,194,188.0,1
324,325,1,1,49,1,2,258,5,5,5,5,3,4,5,5,5,5,5,5,5,4,0,0.0,1
4061,4078,1,1,68,0,0,1182,3,4,3,4,2,3,4,1,1,3,1,4,1,3,0,0.0,0
8849,8880,0,1,43,1,2,737,2,2,2,2,2,5,4,4,4,4,4,3,4,3,0,0.0,1
7950,7978,0,1,53,1,2,2748,2,2,2,2,3,5,5,4,4,5,4,5,4,4,31,12.0,1
1917,1925,1,0,22,1,2,575,5,0,5,5,5,5,5,5,5,3,5,4,5,5,0,0.0,1
4687,4705,0,1,27,1,1,325,3,2,2,2,3,3,3,3,1,2,3,3,4,3,4,0.0,0
1729,1737,0,0,47,1,0,319,1,1,2,3,2,4,4,1,2,4,3,4,3,4,171,164.0,0
9147,9178,1,1,41,1,2,451,4,4,4,4,4,4,4,3,3,3,3,5,3,4,0,0.0,1
1358,1364,1,1,37,1,2,3779,4,4,4,4,1,3,3,4,4,4,3,5,4,3,0,0.0,1
7318,7343,1,1,9,1,2,491,1,1,1,1,5,5,5,5,5,5,5,5,4,5,0,0.0,1
8286,8316,0,1,35,1,0,406,2,3,1,1,2,2,2,2,2,4,1,1,2,2,0,0.0,0
526,527,0,1,47,1,0,386,4,4,4,4,4,4,4,4,2,3,3,3,4,4,0,10.0,0
8878,8909,1,1,52,1,2,691,4,4,4,4,2,5,5,2,2,2,2,4,2,3,0,0.0,1
3224,3236,1,0,36,1,0,780,2,2,2,4,5,2,5,5,4,4,3,1,4,5,7,0.0,0
2262,2271,1,1,53,1,2,2370,1,1,2,1,3,4,5,4,4,4,4,4,4,3,24,0.0,1
783,787,0,1,51,1,2,3038,5,5,4,5,2,5,4,4,4,4,4,3,4,3,0,0.0,1
2090,2098,0,1,34,0,0,1299,4,4,4,5,1,4,1,1,5,2,3,4,4,1,0,0.0,1
8472,8502,1,0,24,1,0,802,4,4,4,3,3,4,3,3,3,3,4,3,4,3,9,3.0,1
5679,5699,1,1,66,1,0,214,3,4,4,4,4,4,3,3,3,3,3,3,3,2,7,0.0,0
3691,3704,1,1,47,1,1,245,5,3,2,3,2,5,3,5,5,5,5,4,5,2,0,0.0,1
5975,5995,1,1,56,1,2,1564,5,5,5,5,3,4,5,5,5,4,5,5,5,3,0,0.0,1
1094,1100,1,1,49,1,2,259,1,1,1,1,5,5,5,4,4,4,4,4,4,5,15,12.0,1
4485,4503,1,0,25,1,0,268,3,3,2,4,1,2,1,1,4,5,4,2,3,1,0,6.0,0
2296,2305,0,1,40,0,0,427,2,1,2,4,5,2,5,5,2,2,4,4,4,5,1,0.0,0
8042,8070,0,1,44,0,0,622,2,3,2,4,1,2,1,1,2,4,1,4,5,1,2,0.0,0
4194,4211,0,1,60,1,2,2449,3,1,1,1,5,3,4,3,3,3,3,4,3,2,13,1.0,0
5029,5048,1,1,50,1,0,812,3,5,4,4,2,5,1,3,3,3,3,2,3,4,0,0.0,1
3265,3278,0,1,34,1,2,3860,5,5,5,5,1,4,1,2,2,2,2,2,2,1,0,6.0,1
5513,5533,1,1,57,1,0,143,3,1,1,1,5,3,3,3,3,3,3,2,3,1,0,0.0,0
6447,6468,0,1,40,1,2,1899,0,0,0,4,5,4,4,5,5,5,5,4,5,5,2,0.0,1
8572,8602,0,1,48,0,0,756,4,5,4,3,2,4,2,2,5,4,4,4,4,2,16,23.0,0
6753,6776,1,1,14,0,0,373,3,2,1,4,1,1,1,1,1,4,4,2,4,1,3,0.0,0
5181,5201,0,1,39,1,2,342,5,5,4,5,3,4,5,4,4,4,4,5,4,3,0,0.0,1
1217,1223,1,1,21,1,2,1771,3,3,2,3,2,2,2,2,5,2,5,5,5,2,10,11.0,1
3071,3082,1,1,18,0,0,1096,2,1,2,4,5,2,5,5,1,4,3,1,3,5,57,39.0,0
7262,7287,1,1,8,0,0,516,3,5,3,4,4,3,4,4,4,5,3,2,4,4,0,13.0,0
3424,3437,1,0,22,1,0,265,2,0,2,1,5,2,3,5,3,4,5,4,4,5,0,0.0,0
5422,5442,1,0,80,1,2,265,3,4,4,4,5,3,5,2,2,3,2,2,2,1,30,15.0,0
6808,6831,1,1,53,1,0,416,4,3,3,3,3,3,2,4,4,4,4,1,4,3,3,1.0,1
4498,4516,0,1,61,1,0,374,3,4,4,4,3,3,3,3,2,2,4,1,4,3,12,1.0,0
6055,6075,1,1,41,1,2,3108,3,1,1,1,3,3,3,3,3,3,3,1,3,2,0,2.0,0
220,220,1,1,51,0,0,297,2,4,2,4,4,4,5,5,5,2,5,3,5,5,0,1.0,0
8303,8333,0,1,19,0,0,445,4,4,2,3,2,2,2,2,1,5,3,1,3,2,2,0.0,1
676,677,1,0,29,1,2,775,1,1,1,2,5,1,5,5,5,3,4,3,5,5,2,3.0,0
82,82,1,1,17,0,0,153,1,5,1,2,5,1,5,5,4,2,2,5,2,5,0,0.0,0
5345,5365,0,0,23,1,0,883,2,2,2,3,2,2,3,2,5,3,4,5,4,2,28,15.0,0
4220,4237,1,1,45,1,0,1041,3,3,3,3,2,4,4,3,3,3,3,3,3,4,0,14.0,0
6029,6049,0,1,56,1,2,361,4,4,4,4,5,4,5,4,4,4,4,3,4,5,24,19.0,1
45,45,0,1,48,1,2,2327,1,1,1,1,5,5,5,3,4,3,2,5,5,5,0,2.0,1
9667,9700,1,1,48,0,2,743,2,5,2,5,2,4,5,1,1,2,1,4,1,5,14,2.0,0
6189,6209,1,1,41,0,0,992,4,5,5,2,1,5,1,1,4,5,4,5,5,1,0,0.0,1
2051,2059,1,0,22,1,2,2586,4,2,4,5,3,4,3,3,4,4,3,5,5,3,0,0.0,1
7991,8019,0,1,48,1,0,552,5,3,2,2,5,5,5,5,3,5,5,4,1,5,0,2.0,1
806,811,0,1,42,0,0,1050,2,5,3,2,5,3,5,5,4,5,5,3,4,5,2,21.0,0
939,945,1,1,48,0,0,370,2,3,2,2,2,3,3,2,2,2,2,4,2,3,99,94.0,0
5616,5636,0,0,48,1,2,859,1,1,1,2,4,1,4,4,4,5,5,5,4,4,0,20.0,0
2443,2453,1,0,25,1,1,229,0,0,0,1,4,0,4,4,5,3,4,4,2,4,0,0.0,1
7674,7701,0,1,36,1,0,200,2,4,4,4,2,3,2,2,3,3,3,2,4,2,0,0.0,0
4806,4825,0,1,41,1,2,3232,2,2,2,2,2,5,5,5,5,5,5,4,5,5,0,0.0,1
4937,4956,0,0,35,1,2,1747,2,2,2,5,2,2,2,2,3,4,4,4,4,2,0,1.0,0
2802,2813,0,1,54,1,2,3307,5,5,5,5,5,4,5,4,4,4,4,3,4,3,95,95.0,1
4247,4264,0,1,55,1,0,277,2,4,4,4,2,2,2,2,2,4,4,1,3,2,7,13.0,0
4510,4528,1,1,49,1,2,2816,1,1,1,1,3,4,4,5,5,5,5,4,5,4,7,0.0,1
5736,5756,0,1,12,0,0,364,3,4,3,4,5,3,5,5,3,5,3,3,4,5,0,1.0,0
4369,4386,1,1,13,0,0,409,4,5,4,3,1,4,1,1,3,5,5,5,5,1,0,0.0,0
1755,1763,0,1,29,1,2,2218,3,3,2,3,3,3,3,3,4,3,5,4,4,3,0,0.0,1
1293,1299,0,1,42,1,2,216,4,4,4,4,1,2,5,4,4,4,5,1,4,5,0,0.0,1
5847,5867,0,1,41,0,0,1127,2,4,3,2,4,3,4,4,3,4,5,4,4,4,0,0.0,0
8773,8804,0,1,36,1,2,3937,1,1,1,1,4,4,4,3,3,3,3,5,3,3,19,14.0,1
5023,5042,1,1,64,1,2,3143,2,2,2,2,5,5,5,5,5,5,5,4,5,5,0,0.0,1
3530,3543,1,1,42,1,0,374,4,3,3,3,1,3,1,4,4,4,4,2,4,2,52,42.0,1
2378,2387,0,1,16,0,1,528,2,5,2,2,3,2,3,3,5,3,5,4,5,3,3,0.0,0
4277,4294,1,1,43,1,2,3150,2,2,2,2,2,4,5,4,4,4,5,3,4,5,0,0.0,1
685,686,0,1,54,1,0,1635,1,0,0,2,4,1,4,4,3,2,1,2,2,4,11,0.0,0
4585,4603,1,1,26,0,1,602,3,5,3,2,3,3,3,3,5,2,5,4,5,3,6,0.0,0
2126,2134,1,0,26,1,1,550,0,0,0,5,2,0,2,2,3,1,4,2,4,2,0,0.0,1
6742,6765,1,1,24,1,0,1096,2,4,4,4,2,2,1,2,2,3,3,4,4,2,30,36.0,0
6381,6402,0,0,37,1,0,862,1,1,1,3,4,1,4,4,5,3,1,3,1,4,8,0.0,0
8808,8839,0,1,14,0,0,227,3,5,0,1,5,0,5,5,1,2,5,3,4,5,0,0.0,0
2754,2765,0,0,20,1,0,265,2,4,2,4,2,2,2,2,1,4,4,1,4,2,25,72.0,0
9201,9232,0,1,22,1,2,1643,3,1,4,4,3,3,3,3,1,1,2,2,2,3,31,30.0,0
6244,6265,1,1,11,0,0,356,2,5,2,3,2,2,2,2,4,4,5,3,4,2,7,2.0,0
4148,4165,1,1,53,1,2,2133,3,5,3,3,3,5,4,4,4,4,4,5,4,3,2,0.0,1
5669,5689,1,1,58,1,0,980,1,0,0,4,2,4,3,4,4,1,4,4,4,1,0,0.0,0
8601,8631,0,1,57,0,0,1005,1,4,1,2,5,1,5,5,5,5,5,3,5,5,4,0.0,0
4968,4987,1,0,37,1,1,86,4,4,4,2,2,4,2,2,4,3,3,4,2,2,0,0.0,0
9365,9396,0,1,26,0,0,86,2,4,2,3,2,2,2,2,3,5,4,5,5,2,0,9.0,0
5352,5372,0,1,69,1,2,937,3,3,3,3,4,4,5,4,4,4,4,4,4,3,16,0.0,1
2947,2958,0,1,26,1,2,2363,3,3,3,3,5,5,5,5,5,3,2,3,3,5,0,0.0,1
6,6,1,1,59,0,0,293,4,5,4,1,3,5,5,1,1,4,4,3,1,5,42,26.0,0
5266,5286,1,0,40,1,2,762,3,3,3,4,2,3,2,2,4,4,5,4,5,2,1,0.0,0
4178,4195,1,0,26,1,0,137,1,1,1,3,1,1,1,1,2,4,3,3,3,1,57,55.0,0
8783,8814,0,1,52,1,2,1217,1,1,1,1,2,4,5,4,4,4,4,4,4,5,0,12.0,1
6228,6248,0,1,26,0,0,936,1,4,1,4,2,1,5,2,4,3,4,3,5,2,10,65.0,0
7904,7932,1,1,58,1,0,589,3,3,3,3,1,5,1,4,4,3,4,3,4,1,0,4.0,1
7166,7191,0,1,38,1,0,166,4,3,2,3,4,4,4,4,5,5,4,4,5,4,17,17.0,1
662,663,0,1,67,0,0,1130,2,4,2,5,3,2,3,3,5,4,4,5,5,3,39,36.0,0
4038,4055,0,1,37,0,0,481,1,2,1,3,3,1,3,3,3,5,4,3,4,3,110,112.0,0
8546,8576,1,0,38,1,2,294,3,3,3,2,1,3,1,1,3,5,5,4,4,1,0,0.0,1
159,159,0,1,31,1,2,1599,4,5,5,5,4,4,4,4,2,3,3,4,4,4,169,217.0,0
6710,6732,0,0,39,1,0,326,2,4,2,5,2,2,2,2,1,5,3,2,4,2,0,0.0,0
98,98,0,1,58,1,2,1834,3,3,3,3,4,4,4,5,5,5,5,4,5,4,0,0.0,1
9942,9977,1,0,20,1,1,1009,2,0,2,3,3,2,2,3,3,1,3,3,3,3,2,0.0,0
876,881,0,1,59,1,2,2111,5,5,5,5,3,4,4,4,4,5,4,4,4,4,0,0.0,1
7402,7429,1,1,42,0,0,1499,3,3,3,2,4,1,1,5,5,3,5,1,5,1,2,0.0,0
7873,7900,0,1,14,0,0,338,3,4,3,5,4,3,4,4,5,4,4,5,4,4,14,23.0,0
5270,5290,0,1,28,0,0,1124,3,5,3,2,2,3,4,2,3,5,3,5,5,2,6,0.0,0
7518,7545,1,1,29,0,0,1050,2,4,2,3,2,2,2,2,5,4,4,5,5,2,0,0.0,0
2857,2868,1,1,56,1,2,3194,2,2,2,2,2,4,4,5,5,4,5,4,5,5,0,0.0,1
6303,6324,1,1,34,0,0,408,2,1,2,3,5,2,5,5,1,2,3,4,3,5,0,0.0,0
1513,1520,1,1,19,1,2,1609,4,4,4,4,4,4,4,4,5,3,5,3,4,4,0,0.0,1
2133,2141,0,1,33,0,2,404,2,4,2,4,1,2,1,1,4,2,5,3,4,1,0,0.0,0
6034,6054,1,1,38,1,0,391,2,3,3,3,2,2,2,2,3,1,3,4,4,2,0,0.0,0
5075,5094,1,1,40,1,2,957,5,5,5,5,4,5,4,5,5,5,5,3,5,5,0,0.0,1
8831,8862,1,0,28,1,2,679,2,2,2,1,1,2,1,1,3,3,5,3,5,1,0,0.0,0
3384,3397,1,1,22,1,1,566,3,3,3,3,3,3,2,3,4,3,4,3,3,3,5,3.0,0
9665,9698,1,1,34,0,0,147,4,4,0,3,4,0,4,4,5,4,5,5,4,4,0,0.0,1
3631,3644,1,1,54,1,2,2399,4,4,2,4,4,5,4,5,5,5,5,4,5,3,21,19.0,1
7494,7521,1,1,46,1,2,1476,4,4,4,4,2,1,3,4,4,4,4,5,4,4,0,0.0,1
7673,7700,1,1,39,1,2,3226,3,3,3,3,3,4,4,4,4,4,4,5,4,3,0,0.0,1
1315,1321,0,1,59,1,2,1572,1,1,1,1,5,4,5,3,3,3,3,5,3,5,0,0.0,1
5932,5952,0,1,23,0,0,356,3,4,3,3,3,3,3,3,4,3,5,4,5,3,5,1.0,0
9005,9036,0,1,50,1,2,2347,4,4,4,4,2,5,4,5,5,5,5,3,5,4,0,0.0,1
582,583,0,0,26,1,2,102,0,0,0,1,4,0,4,4,3,3,5,5,4,4,0,0.0,1
3614,3627,0,1,18,1,1,588,2,2,2,2,2,2,2,2,3,5,3,3,3,2,0,0.0,0
4662,4680,1,1,33,1,2,399,2,2,5,2,5,5,5,4,4,4,4,3,4,4,0,0.0,1
3178,3190,0,0,20,1,0,361,2,2,2,3,1,2,1,1,2,1,3,4,3,1,15,24.0,0
7437,7464,1,1,29,0,0,489,2,3,2,3,3,2,3,3,4,4,3,3,4,3,13,12.0,0
6330,6351,1,1,44,1,1,216,1,2,2,2,5,3,2,1,1,1,1,2,1,4,0,0.0,0
147,147,1,1,54,1,2,1696,2,2,2,2,5,5,4,5,5,5,5,3,5,5,0,0.0,1
6008,6028,0,0,26,1,2,1075,1,1,1,3,5,1,5,5,4,2,3,3,4,5,0,0.0,0
6261,6282,1,1,47,1,2,1139,3,1,1,1,1,4,4,3,3,4,3,1,3,4,68,84.0,0
1262,1268,0,1,49,0,0,872,3,0,3,1,5,3,5,5,3,4,3,5,5,5,10,15.0,0
3666,3679,0,1,33,1,2,2764,4,4,4,4,5,5,5,5,5,1,1,3,5,5,6,0.0,1
4060,4077,0,1,15,0,2,726,3,2,3,3,1,3,1,1,2,2,4,3,4,1,0,0.0,0
337,338,1,1,47,0,0,255,5,4,5,3,3,4,4,5,5,5,5,3,5,3,10,2.0,1
5675,5695,0,0,23,1,2,1117,2,3,3,4,1,3,1,1,3,3,3,4,3,1,5,7.0,0
1540,1547,1,1,44,0,0,610,1,5,1,1,2,5,5,4,4,1,4,5,4,5,5,0.0,0
6080,6100,1,1,44,1,2,1197,2,2,2,2,3,5,5,4,4,4,4,4,4,3,1,0.0,1
7769,7796,0,1,60,1,2,507,5,5,5,5,3,5,5,4,4,4,4,3,4,5,0,0.0,1
7953,7981,1,1,49,1,2,1598,3,3,3,3,4,4,5,4,4,4,4,4,4,5,0,0.0,1
259,259,0,0,18,1,0,646,4,1,4,4,5,4,5,5,2,1,4,2,3,5,6,12.0,0
8237,8266,1,1,46,0,0,188,3,4,3,3,3,5,4,2,2,3,2,3,2,4,3,0.0,0
9209,9240,0,1,41,1,2,2417,3,3,3,3,5,4,4,5,5,5,5,4,5,5,0,0.0,1
8806,8837,1,1,42,1,2,3224,5,5,5,5,5,4,4,5,5,5,5,4,5,4,75,75.0,1
8915,8946,0,1,30,0,0,448,1,4,1,3,5,1,5,5,3,5,3,3,5,5,0,0.0,0
8385,8415,0,1,53,1,2,937,4,4,4,4,5,2,4,5,5,4,5,4,5,3,8,0.0,1
9761,9796,0,1,29,0,0,200,3,5,0,2,2,0,2,2,4,4,5,5,4,2,0,0.0,0
4360,4377,0,1,18,0,0,1440,1,4,1,1,5,1,5,5,3,3,3,5,4,5,3,0.0,0
2768,2779,1,1,38,1,2,1888,2,2,3,2,2,4,3,2,2,3,2,2,2,3,0,0.0,0
7861,7888,0,0,22,1,2,362,4,0,4,2,4,4,4,4,5,4,4,5,4,4,13,4.0,1
7587,7614,1,1,58,1,2,361,3,4,3,3,3,4,4,5,5,5,5,5,5,3,0,0.0,1
3315,3328,0,1,64,0,1,533,5,2,5,2,3,5,3,3,3,4,3,4,3,3,0,0.0,1
6484,6506,0,1,19,0,0,253,0,4,0,3,2,0,2,2,3,1,4,2,3,2,0,0.0,1
7865,7892,0,1,16,0,0,328,3,4,5,4,2,5,4,2,5,2,5,3,5,2,0,0.0,0
4306,4323,1,1,25,0,0,1126,2,2,2,3,5,2,5,5,2,4,4,1,4,5,0,0.0,0
3639,3652,1,1,61,0,0,90,5,4,5,3,2,4,3,2,2,5,2,2,2,3,0,0.0,1
6184,6204,1,1,58,1,0,1034,5,3,1,1,3,1,1,5,5,5,5,3,5,2,41,30.0,1
288,289,0,1,63,1,2,432,4,1,4,4,4,5,5,5,5,5,5,5,5,3,8,10.0,1
5157,5177,1,1,47,1,1,1288,2,3,3,3,5,3,3,2,2,2,2,2,2,3,73,68.0,0
8932,8963,1,1,12,0,0,89,4,4,4,3,4,4,4,4,3,3,3,2,4,4,0,0.0,0
8921,8952,0,0,22,1,0,1166,2,2,2,3,1,2,1,1,4,3,3,4,3,1,0,11.0,0
8655,8686,1,1,35,1,0,500,4,4,3,3,4,4,4,4,5,4,4,3,2,4,11,0.0,1
6430,6451,1,1,45,1,2,1950,5,5,2,5,3,5,5,5,5,5,5,4,5,4,0,0.0,1
40,40,1,0,18,1,0,1797,1,1,1,4,1,1,1,1,4,2,2,1,4,1,10,29.0,0
9506,9538,1,1,35,1,2,1883,0,4,0,1,3,1,4,3,3,3,2,5,3,3,1,0.0,1
5914,5934,1,1,31,1,0,462,2,2,2,2,2,2,2,2,4,3,3,3,3,2,11,27.0,0
1183,1189,0,1,56,1,0,541,4,5,5,5,4,4,4,4,3,4,4,4,1,4,0,0.0,1
7820,7847,1,0,22,1,0,121,3,4,3,3,1,3,1,1,3,1,3,2,3,1,0,0.0,0
5755,5775,0,1,50,0,0,925,0,5,0,5,2,0,2,2,5,4,4,4,5,2,0,0.0,1
7779,7806,1,1,42,1,2,2303,2,2,2,2,4,4,5,3,3,4,3,5,3,3,6,0.0,1
6352,6373,0,1,33,1,0,236,4,4,4,4,4,4,4,4,2,3,2,5,4,4,0,14.0,1
4941,4960,1,1,12,0,2,337,3,4,3,1,5,3,5,5,4,3,4,4,5,5,0,0.0,0
4641,4659,1,1,25,1,2,509,3,3,3,3,5,5,5,5,3,5,1,2,2,5,0,1.0,1
5549,5569,0,1,33,1,2,83,0,5,0,1,3,3,3,3,5,4,5,1,3,3,0,0.0,1
6295,6316,1,1,56,1,2,2955,3,3,3,3,2,5,4,4,4,4,4,5,4,4,9,8.0,1
8312,8342,1,1,64,0,0,627,4,2,4,4,4,1,5,4,2,3,3,5,3,5,142,146.0,0
9956,9991,0,0,28,1,2,868,2,2,2,2,1,2,1,1,4,5,5,3,4,1,23,21.0,0
1288,1294,0,1,56,1,2,3074,0,0,0,2,4,4,4,5,5,2,2,2,5,4,0,0.0,1
1522,1529,1,1,22,1,2,110,0,5,0,2,1,1,1,1,3,1,3,2,1,1,0,0.0,1
9224,9255,0,1,47,1,0,296,4,4,4,4,4,4,4,4,1,2,1,4,2,4,0,0.0,1
7911,7939,1,0,54,1,2,1547,1,2,2,1,5,1,3,5,5,3,5,4,4,5,0,0.0,0
6495,6517,1,1,43,1,1,1190,2,4,4,4,4,5,1,2,2,2,2,5,2,3,0,12.0,1
8561,8591,0,0,23,1,0,624,3,1,3,4,2,3,1,2,3,1,4,3,3,2,0,19.0,0
428,429,1,0,8,1,1,604,2,3,2,3,2,2,2,2,3,3,4,3,4,2,0,43.0,0
4354,4371,0,0,22,1,0,816,4,4,4,3,4,4,4,4,4,2,5,5,4,4,1,0.0,0
7288,7313,1,1,29,1,0,1542,0,0,0,3,2,0,2,2,4,4,4,4,5,2,7,0.0,1
6958,6982,0,1,68,0,2,903,3,5,3,2,1,1,3,1,1,3,1,3,1,2,82,65.0,0
3407,3420,0,1,50,1,2,1222,4,4,4,4,5,4,4,4,4,4,4,4,4,4,0,0.0,1
2481,2492,0,1,37,1,2,3960,3,2,3,2,2,4,3,3,3,2,3,4,3,1,9,8.0,0
4496,4514,1,1,62,0,0,802,5,1,5,4,1,3,4,4,4,5,2,4,4,3,0,0.0,1
9402,9433,0,1,30,1,1,323,4,4,4,4,4,4,4,4,2,2,2,2,2,4,0,0.0,0
6022,6042,1,1,19,1,2,1717,2,3,3,3,2,2,2,2,3,5,4,2,3,2,16,13.0,0
8738,8769,1,1,57,1,2,2319,2,2,2,2,3,5,4,5,5,4,5,3,5,3,0,0.0,1
7110,7135,0,0,27,1,0,667,2,3,2,2,5,2,5,5,4,5,2,3,3,5,0,0.0,0
7385,7412,1,1,38,0,0,395,2,4,2,5,5,2,5,5,4,3,5,3,4,5,0,0.0,0
6616,6638,0,0,25,1,0,982,4,4,4,1,3,4,3,3,3,2,5,4,4,3,0,0.0,1
6683,6705,0,1,40,1,2,3080,1,1,1,1,3,5,5,5,5,5,5,5,5,3,0,0.0,1
4326,4343,1,1,40,1,2,2586,4,4,4,4,4,4,4,4,3,3,5,4,5,4,12,0.0,1
8862,8893,0,1,22,1,2,2510,3,1,2,1,3,3,3,3,2,3,3,3,3,3,250,271.0,0
2606,2617,0,1,68,1,2,1368,1,1,1,1,4,2,3,4,4,4,4,3,4,5,0,0.0,1
695,697,0,1,23,0,0,289,1,2,1,4,2,1,2,2,3,4,4,2,4,2,45,43.0,0
6136,6156,1,1,55,1,2,1621,2,2,2,2,2,4,4,5,5,5,5,4,5,4,1,24.0,1
3743,3756,0,1,47,1,1,325,2,3,3,3,2,2,2,2,4,1,2,3,2,2,19,2.0,0
575,576,0,0,39,1,2,109,2,2,2,2,2,2,2,2,4,4,4,5,4,2,0,0.0,0
7780,7807,0,1,37,1,2,3476,3,3,3,3,3,4,4,3,3,4,3,3,3,4,2,0.0,1
2894,2905,1,1,46,1,0,859,5,5,5,5,4,3,3,5,5,5,5,2,5,4,0,0.0,1
5486,5506,0,1,31,1,2,1820,2,2,2,2,2,2,2,2,3,3,3,1,3,2,0,1.0,0
8662,8693,0,1,26,0,1,781,2,1,2,3,3,2,3,3,3,5,3,4,4,3,0,0.0,0
5998,6018,1,1,61,1,2,1585,2,2,3,2,1,1,5,3,3,4,3,4,3,4,24,20.0,1
9902,9937,0,0,22,1,2,224,5,0,5,5,4,5,3,4,3,2,5,4,4,4,0,8.0,1
2999,3010,0,1,38,1,0,2133,4,2,2,2,4,4,4,4,4,1,3,3,4,4,8,6.0,0
1024,1030,1,1,63,1,2,3828,0,0,0,1,5,5,4,1,1,1,1,5,1,3,0,0.0,1
616,617,1,1,35,1,2,2454,3,2,2,2,2,2,3,3,3,3,3,1,3,1,1,0.0,0
8053,8082,0,1,29,1,2,738,4,4,4,4,4,4,4,4,5,3,5,3,4,4,13,5.0,1
5255,5275,0,1,56,1,2,1685,3,5,3,3,1,2,5,4,4,4,4,5,4,5,15,18.0,1
8392,8422,0,1,61,0,0,978,3,4,3,2,4,3,4,4,3,3,5,4,5,4,0,0.0,0
3186,3198,0,1,26,1,2,1013,5,5,5,5,5,5,5,5,3,4,5,3,5,5,47,38.0,1
7956,7984,1,1,37,1,2,3336,4,3,1,3,4,4,3,4,4,4,4,3,4,4,32,30.0,0
8017,8045,1,1,26,1,2,2677,3,3,3,3,4,5,4,4,5,5,5,3,5,4,20,0.0,1
2041,2049,0,1,66,1,0,317,4,2,2,2,4,4,4,4,1,3,2,3,1,4,0,0.0,1
6432,6453,0,1,28,1,2,964,5,5,5,5,4,4,4,4,5,5,4,3,5,4,0,8.0,1
6587,6609,1,1,47,1,2,1521,1,1,1,1,4,5,5,5,5,5,5,3,5,3,0,0.0,1
3205,3217,0,1,33,0,0,647,2,4,2,5,1,2,1,1,5,3,5,4,5,1,48,45.0,0
2201,2209,0,1,43,1,2,587,3,3,3,3,4,4,5,5,5,5,5,5,5,5,10,1.0,1
3358,3371,0,1,58,0,0,1185,3,4,3,3,2,3,2,2,4,2,3,2,3,2,13,0.0,0
8668,8699,0,1,55,1,2,453,4,4,4,4,5,5,5,2,2,2,2,4,2,5,0,0.0,1
5468,5488,0,1,51,1,2,1773,2,2,2,2,3,4,5,5,5,5,5,3,5,3,7,8.0,1
1185,1191,1,1,39,1,0,451,2,5,5,5,2,2,2,2,4,2,2,5,4,2,5,1.0,1
8895,8926,0,1,65,0,0,1979,4,4,4,4,4,4,2,4,3,5,3,4,5,4,30,3.0,1
7994,8022,0,1,58,1,2,453,3,3,3,3,4,4,4,5,5,5,5,4,5,5,0,0.0,1
2619,2630,0,1,56,1,0,216,5,5,2,5,5,5,5,5,3,3,2,1,4,5,0,0.0,1
5733,5753,0,1,43,1,0,584,4,5,5,5,4,4,4,4,4,2,4,5,3,4,0,0.0,1
6586,6608,0,1,44,1,0,147,4,4,4,4,4,4,4,4,3,1,5,5,3,4,37,47.0,1
7923,7951,0,1,66,0,0,862,3,5,3,1,5,3,5,5,3,4,5,4,5,5,31,16.0,0
7654,7681,1,1,17,0,0,580,1,4,1,3,4,1,4,4,2,3,3,4,4,4,0,0.0,0
209,209,1,1,22,1,2,760,2,2,2,2,2,2,2,2,4,4,5,3,2,2,0,6.0,1
7628,7655,1,0,27,1,2,1005,2,2,2,5,3,2,3,3,4,5,4,4,4,3,0,0.0,0
6685,6707,1,1,48,0,0,377,3,5,3,4,4,4,5,4,4,3,4,5,4,3,0,3.0,0
6881,6904,1,0,18,1,0,643,2,0,2,3,1,2,1,1,5,3,1,3,4,1,53,46.0,0
7914,7942,0,1,42,1,2,2117,4,4,4,4,3,1,5,3,3,3,3,2,3,1,0,9.0,1
3350,3363,0,1,64,0,0,1671,2,4,2,3,3,2,3,3,1,4,2,5,1,3,0,0.0,0
7836,7863,1,1,11,0,0,239,4,2,4,3,5,4,5,5,1,1,4,4,4,5,22,18.0,0
8908,8939,0,1,49,1,0,728,3,1,2,1,3,3,3,3,3,4,1,2,1,3,5,16.0,0
1289,1295,0,1,57,1,0,787,5,1,3,1,5,5,5,5,2,4,2,5,1,5,0,4.0,1
7571,7598,0,0,35,1,2,2125,3,3,3,3,3,3,3,3,4,3,4,4,5,3,9,0.0,0
5441,5461,1,1,47,0,0,1744,1,1,1,3,4,2,2,3,3,1,5,1,3,1,24,37.0,0
4230,4247,0,0,27,1,2,216,4,4,4,5,4,4,4,4,2,1,4,4,1,4,0,0.0,1
9194,9225,1,1,47,1,2,2176,1,1,1,1,3,3,4,5,5,5,5,4,5,5,0,0.0,1
2078,2086,1,1,55,0,1,1205,2,2,2,3,2,4,4,3,3,2,5,1,3,2,0,0.0,0
4484,4502,1,1,34,1,1,2409,3,1,1,1,3,3,3,4,5,4,3,3,3,3,0,8.0,0
2649,2660,0,0,27,1,0,872,4,4,4,4,3,4,3,3,1,5,4,4,3,3,0,0.0,0
437,438,0,1,53,0,0,562,4,4,4,3,3,4,3,3,5,4,5,5,5,3,0,0.0,0
215,215,0,1,54,1,2,2927,2,2,2,2,3,5,5,4,4,4,4,4,4,3,0,0.0,1
2450,2460,0,1,35,1,2,397,1,0,0,3,1,3,2,3,3,0,3,1,3,2,0,0.0,0
8097,8126,0,1,61,0,0,1197,4,4,4,1,2,4,2,2,4,5,5,2,5,2,0,20.0,0
1572,1579,1,1,37,1,0,123,4,4,5,4,4,4,4,4,4,4,4,3,2,4,7,8.0,1
3830,3844,0,1,12,0,0,201,1,4,1,3,1,1,1,1,5,4,2,3,2,1,0,0.0,0
6805,6828,0,1,25,1,0,1541,0,5,0,2,2,5,2,2,5,1,1,3,2,2,28,22.0,1
8000,8028,1,1,46,1,2,1909,4,2,2,2,2,4,4,4,4,3,4,2,4,4,24,11.0,0
7847,7874,1,1,51,1,2,2139,3,3,3,3,3,4,5,5,5,5,5,4,5,3,11,3.0,1
4772,4791,0,0,27,1,2,237,1,1,1,3,1,1,1,1,1,2,3,3,4,1,12,9.0,0
1060,1066,0,1,40,1,2,3699,2,5,1,1,4,4,4,1,1,1,2,4,1,2,0,0.0,0
79,79,0,1,33,1,2,3233,3,3,4,3,4,4,4,4,3,4,5,4,5,4,37,43.0,1
6829,6852,1,1,42,0,0,386,2,5,2,5,4,2,3,2,2,2,2,5,2,4,0,1.0,0
3338,3351,1,1,32,1,2,1574,4,4,4,4,4,4,4,4,2,2,5,2,2,4,49,41.0,1
5283,5303,0,1,58,1,2,3030,1,3,5,5,3,3,3,1,1,1,1,3,1,3,0,1.0,0
8364,8394,0,1,58,1,2,3114,2,2,2,2,2,5,4,4,4,4,4,3,4,4,0,2.0,1
7647,7674,1,1,13,0,0,362,1,5,1,3,5,1,5,5,5,2,5,5,4,5,26,18.0,0
2093,2101,1,0,20,1,0,812,0,0,0,3,3,0,2,3,4,3,5,5,4,3,0,0.0,1
6296,6317,1,1,51,1,2,1975,0,4,0,4,2,4,5,1,1,1,1,5,1,3,9,0.0,1
5814,5834,1,1,25,0,0,719,3,4,3,4,2,3,1,2,3,4,4,5,4,2,59,55.0,0
4702,4720,1,1,46,0,0,391,4,4,5,3,1,2,3,4,4,5,1,1,4,5,7,0.0,0
1165,1171,0,1,56,1,2,2290,1,1,1,1,3,4,5,4,4,4,4,5,4,3,0,0.0,1
9897,9932,0,1,18,0,0,209,2,5,0,3,3,0,3,3,5,5,3,5,3,3,0,0.0,0
509,510,1,1,23,0,1,1067,2,4,2,3,2,2,2,2,3,3,3,3,4,2,0,0.0,0
6098,6118,1,1,51,1,2,216,4,4,5,4,5,5,5,4,4,4,5,4,4,3,0,0.0,1
6554,6576,0,1,25,1,1,991,1,5,5,5,1,1,4,1,3,2,3,3,4,1,32,22.0,0
4397,4415,0,1,62,0,0,529,3,2,5,3,3,5,3,3,2,4,3,1,4,3,3,0.0,0
2745,2756,1,1,37,1,2,325,4,4,4,4,3,4,5,4,4,4,4,3,4,5,39,37.0,1
1750,1758,0,1,46,1,2,728,3,1,3,3,4,4,4,4,4,4,4,3,4,4,5,3.0,1
5993,6013,0,1,33,1,2,338,1,2,3,2,1,1,1,1,4,3,3,2,3,1,20,12.0,0
9545,9577,0,0,36,1,0,447,3,3,3,4,1,3,1,1,3,1,4,4,4,1,4,0.0,0
146,146,0,1,47,1,0,327,3,3,2,3,3,3,3,3,4,4,4,2,3,3,16,1.0,0
2008,2016,1,1,37,1,2,2435,3,3,3,3,4,4,4,4,4,4,4,4,4,4,0,1.0,1
5874,5894,0,1,42,0,2,646,1,3,1,3,2,3,4,1,1,1,1,4,1,4,0,15.0,0
7951,7979,0,1,24,1,2,1496,4,4,4,4,4,4,4,4,5,2,4,5,5,4,0,0.0,1
1945,1953,1,1,42,0,0,258,4,4,4,1,3,3,2,4,4,4,4,5,4,5,0,0.0,0
9206,9237,0,1,58,1,0,2174,2,5,2,5,2,2,2,2,4,2,4,3,3,2,0,0.0,0
2394,2404,0,1,37,1,2,2276,1,1,1,1,3,3,3,5,4,5,5,3,4,3,0,0.0,1
895,901,0,0,25,1,0,654,2,2,2,3,5,2,5,5,3,2,4,3,4,5,0,0.0,0
1924,1932,0,0,23,1,0,1025,5,5,5,2,1,5,1,1,2,5,1,2,1,1,0,0.0,1
4285,4302,1,0,24,1,2,2586,5,4,5,3,1,4,1,1,4,5,4,3,5,1,0,0.0,1
3989,4005,0,1,26,1,2,1724,2,2,2,2,4,4,4,4,4,3,4,3,5,4,0,0.0,1
9327,9358,1,1,39,1,2,236,0,0,0,3,2,4,4,3,3,3,3,5,3,4,3,0.0,1
2205,2213,1,1,31,0,0,549,3,0,3,1,3,3,4,3,4,3,4,3,4,3,0,0.0,0
7852,7879,0,0,13,1,0,820,4,4,4,3,3,4,3,3,5,2,3,3,4,3,0,0.0,1
2245,2253,1,1,35,1,2,258,1,2,2,2,4,4,3,1,1,1,1,3,1,2,10,10.0,0
3144,3156,0,1,46,1,2,1075,1,4,4,4,5,3,3,1,1,1,1,1,1,3,0,6.0,0
5037,5056,0,1,60,1,2,2596,4,4,4,4,5,4,4,4,4,4,4,5,4,5,2,1.0,1
2702,2713,0,1,19,0,0,946,1,4,1,4,4,1,4,4,3,3,3,4,3,4,3,0.0,0
6607,6629,0,1,62,0,0,195,3,5,0,3,0,3,2,4,5,1,2,2,3,2,125,141.0,0
725,727,0,1,54,1,2,987,1,3,3,3,4,2,2,1,1,1,1,2,1,3,0,0.0,0
391,392,0,1,38,1,2,2586,4,4,4,4,4,3,4,4,4,4,4,5,4,4,5,9.0,1
9961,9996,0,1,42,1,0,134,2,2,2,2,2,2,2,2,3,4,3,2,1,2,143,159.0,0
8406,8436,0,1,46,1,0,413,5,4,4,4,5,5,5,5,1,5,3,4,3,5,0,0.0,1
6779,6802,1,1,61,0,0,550,4,5,5,3,2,4,4,3,3,5,3,5,3,3,0,0.0,1
9052,9083,0,1,46,1,1,551,4,2,4,2,4,4,4,4,3,5,1,4,1,4,0,0.0,1
6054,6074,0,1,33,0,0,666,1,4,1,5,3,1,3,3,4,5,3,1,1,3,0,0.0,0
7966,7994,1,1,28,1,2,2637,1,1,1,1,5,5,5,5,4,4,4,5,4,5,14,61.0,1
8270,8300,1,1,26,1,2,1185,4,4,5,5,4,3,4,4,4,3,4,3,4,4,24,18.0,0
4814,4833,1,1,60,1,2,2109,0,0,0,1,2,4,1,2,2,4,4,2,2,5,0,0.0,1
3289,3302,1,1,33,1,2,3348,4,4,4,4,5,5,1,5,5,5,5,3,5,1,0,0.0,1
1589,1596,0,0,9,1,0,1449,2,2,2,3,2,2,2,2,1,2,1,3,3,2,0,0.0,0
911,917,1,1,29,1,2,2589,3,3,3,3,5,5,5,5,4,2,5,5,5,5,0,0.0,1
923,929,0,1,60,1,2,2884,1,1,1,1,3,5,4,5,5,5,5,3,5,5,1,0.0,1
457,458,1,1,36,0,1,626,2,4,2,3,1,2,5,1,5,3,5,4,4,1,23,22.0,0
7452,7479,0,1,29,1,2,549,5,5,5,5,5,5,5,5,4,4,4,4,4,5,0,0.0,1
728,730,1,1,49,1,0,488,5,1,1,1,4,1,2,5,5,5,5,4,5,2,0,38.0,1
5009,5028,1,0,20,1,0,282,3,4,3,4,2,3,2,2,1,5,3,2,3,2,0,0.0,0
2983,2994,1,0,25,1,1,337,2,4,2,3,2,5,5,1,5,4,3,5,1,5,146,140.0,0
1576,1583,0,1,47,1,2,2055,3,3,3,3,3,5,4,5,5,5,5,3,5,3,0,10.0,1
1822,1830,1,1,30,1,2,462,5,5,5,5,2,2,2,2,5,2,4,3,4,2,24,29.0,1
6217,6237,0,1,36,1,2,1136,3,3,3,3,3,4,4,4,4,4,4,4,4,5,0,10.0,1
954,960,0,1,48,1,2,2817,3,3,3,3,5,5,5,5,5,5,5,5,5,4,0,0.0,1
7149,7174,1,0,37,1,0,234,3,2,4,4,2,4,2,2,1,4,4,4,3,2,0,0.0,0
9724,9757,0,1,31,1,2,1900,2,3,3,3,2,2,2,2,4,4,4,3,4,2,0,0.0,0
8943,8974,0,1,9,1,2,2504,3,1,1,1,3,3,3,3,3,3,4,1,3,3,0,0.0,0
3706,3719,0,1,18,0,0,919,5,3,4,3,1,4,1,1,4,1,4,3,4,1,0,0.0,1
8947,8978,0,1,68,0,0,1476,3,5,3,5,5,3,5,5,4,2,4,4,5,5,13,13.0,0
1930,1938,1,1,62,1,2,1114,4,4,4,4,5,4,1,5,5,5,5,5,5,4,0,0.0,1
9250,9281,0,1,44,0,2,305,1,5,1,2,3,4,5,1,1,1,1,4,1,3,0,0.0,0
9766,9801,1,0,30,1,2,1590,3,3,3,4,5,3,5,5,4,3,3,1,4,5,3,23.0,0
2835,2846,0,1,66,0,0,2239,5,2,5,3,1,5,1,1,4,3,3,2,3,1,0,0.0,1
9916,9951,1,0,22,1,0,223,3,3,3,4,4,3,3,4,1,2,3,3,4,4,22,14.0,0
8047,8076,0,1,32,1,2,1750,1,5,4,5,1,1,1,1,1,1,2,4,3,1,0,0.0,0
8535,8565,1,1,60,1,2,2801,0,0,0,4,3,3,3,3,2,5,5,3,4,3,185,183.0,1
1768,1776,0,1,39,1,0,226,3,3,3,3,3,3,3,3,1,4,4,3,4,3,4,0.0,0
5484,5504,0,0,22,1,0,173,4,1,3,4,2,3,2,2,3,3,3,3,3,2,4,0.0,0
8484,8514,0,1,35,1,2,3454,1,1,1,1,5,4,3,5,5,5,5,5,5,3,0,0.0,1
689,690,1,1,55,1,2,3484,5,5,2,5,2,4,5,4,4,4,4,4,4,5,36,25.0,1
3627,3640,0,0,9,1,0,551,5,0,5,3,1,5,1,1,4,2,4,5,4,1,0,0.0,1
7324,7349,0,1,8,0,0,772,3,3,3,2,5,3,5,5,3,2,3,3,2,5,0,0.0,0
5650,5670,1,0,32,1,0,759,2,2,2,3,3,2,5,3,2,2,3,3,4,3,48,61.0,0
4555,4573,0,1,47,0,0,220,1,3,1,1,3,1,3,3,5,3,3,5,1,3,15,12.0,0
4167,4184,1,1,42,1,1,259,4,2,2,2,3,3,4,4,4,4,4,1,4,1,0,4.0,0
4875,4894,0,1,36,1,2,1570,3,3,3,3,5,3,2,5,5,5,5,2,5,4,0,0.0,1
5135,5155,0,1,51,1,0,570,1,3,5,5,2,1,2,2,1,5,4,2,4,2,0,0.0,0
5592,5612,0,1,52,1,2,1464,2,2,2,2,2,5,5,2,2,3,2,4,2,4,0,0.0,1
5184,5204,1,0,52,1,2,591,4,3,3,1,4,4,4,4,5,4,4,3,5,4,0,6.0,0
9483,9514,1,1,11,0,1,311,3,4,5,1,5,5,1,5,5,2,4,4,4,5,32,75.0,0
9460,9491,1,1,36,1,0,376,4,5,3,5,4,4,4,4,3,2,3,1,4,4,73,66.0,1
7357,7383,1,1,50,1,0,1587,3,3,3,3,5,3,4,3,3,3,3,3,3,1,0,0.0,0
2973,2984,1,1,38,1,2,1068,3,5,5,5,2,4,4,3,3,3,3,1,3,4,0,0.0,0
4337,4354,1,1,11,1,2,888,2,2,2,2,5,5,5,5,4,4,4,5,4,5,2,0.0,1
851,856,0,0,52,1,0,631,3,2,3,3,2,3,5,2,1,1,3,3,3,2,0,0.0,0
7916,7944,1,1,48,1,2,3336,4,4,4,4,3,4,4,5,5,5,5,3,5,4,0,0.0,1
1091,1097,1,0,50,1,2,201,4,4,4,5,3,4,3,3,5,4,4,3,4,3,0,0.0,1
3262,3275,1,1,18,1,2,3277,4,4,2,4,4,4,4,4,4,3,4,4,3,4,26,15.0,0
961,967,0,0,26,1,2,1005,2,2,2,4,2,2,2,2,5,3,4,5,4,2,0,0.0,0
8608,8638,1,1,28,0,0,550,3,4,3,4,5,3,5,5,2,4,4,3,4,5,0,0.0,0
2418,2428,1,0,21,1,0,368,4,1,4,3,3,4,3,3,3,1,4,2,4,3,24,15.0,0
1868,1876,0,1,49,1,2,594,2,2,3,2,5,5,4,5,5,5,5,4,5,4,0,1.0,1
8640,8671,1,1,30,1,1,343,4,3,3,3,4,4,4,4,1,2,4,4,3,4,11,12.0,0
4467,4485,0,0,22,1,2,550,4,3,4,2,2,4,2,2,5,4,5,3,5,2,0,0.0,1
2951,2962,1,0,36,1,1,308,2,1,1,4,1,1,1,1,4,3,4,3,4,1,0,0.0,0
161,161,0,1,50,1,2,3701,4,4,4,4,3,5,4,4,4,4,4,4,4,5,0,0.0,1
5819,5839,1,1,33,0,0,1197,4,4,5,5,3,5,4,3,3,3,5,5,4,3,38,20.0,0
6498,6520,0,1,44,0,0,147,4,5,0,1,2,0,5,2,5,4,2,4,1,2,0,0.0,0
4265,4282,1,1,59,0,0,773,4,4,4,4,4,5,4,5,5,4,5,4,5,5,21,23.0,0
1172,1178,0,1,24,1,2,2106,3,4,4,4,3,3,3,3,2,4,3,1,3,3,8,24.0,0
1797,1805,1,1,42,1,2,447,3,3,3,3,4,5,5,4,4,4,4,3,4,3,0,0.0,1
4464,4482,1,0,44,1,0,214,3,0,4,3,1,4,1,1,3,4,4,2,3,1,28,13.0,0
5686,5706,1,1,60,0,0,2614,4,2,4,4,4,2,2,1,4,4,3,2,1,2,0,11.0,0
9205,9236,1,1,28,1,0,547,3,5,2,5,3,2,3,3,4,1,4,2,3,3,0,0.0,0
5563,5583,0,0,39,1,0,813,3,3,3,4,4,3,2,4,4,4,4,4,4,4,0,0.0,0
7,7,1,1,57,1,2,3893,5,5,5,5,5,4,4,4,4,4,4,5,4,5,58,64.0,1
536,537,1,1,30,1,2,3152,5,5,5,5,5,5,5,5,4,4,5,4,4,5,0,0.0,1
1912,1920,1,1,50,0,0,382,3,4,3,1,3,5,4,1,1,3,1,4,1,3,34,14.0,0
8997,9028,0,1,44,1,2,1011,5,5,5,5,3,4,4,5,5,5,5,3,5,4,5,20.0,1
2354,2363,0,1,28,1,0,944,0,0,0,2,3,0,3,3,2,4,2,2,2,3,10,3.0,1
8795,8826,0,1,16,0,0,964,2,4,2,3,2,2,2,2,5,3,5,5,5,2,0,0.0,0
7068,7092,1,1,43,1,2,2232,2,2,2,2,4,4,4,5,5,5,5,4,5,5,0,0.0,1
5822,5842,1,1,29,1,2,1587,3,1,4,4,3,3,3,3,2,2,2,2,3,3,11,3.0,0
8077,8106,1,1,53,1,2,468,4,3,3,3,2,2,3,4,4,3,4,1,4,1,92,84.0,0
4744,4762,0,1,28,1,2,1609,2,2,2,2,2,2,2,2,5,5,5,5,4,2,11,0.0,1
2263,2272,0,1,43,1,2,1514,4,2,2,2,4,3,3,4,4,4,4,3,4,1,51,49.0,0
9768,9803,1,1,23,0,0,1590,3,4,3,3,1,3,1,1,5,2,3,5,5,1,3,13.0,0
481,482,0,1,11,0,0,1471,2,4,2,3,3,2,4,3,5,4,4,3,5,3,0,0.0,0
8629,8660,1,1,34,0,0,1205,3,4,3,3,5,3,5,5,4,5,3,3,4,5,3,0.0,0
2123,2131,1,1,41,1,2,1973,1,1,1,1,4,4,5,2,2,2,2,5,2,3,0,0.0,1
1756,1764,0,1,42,1,2,3821,1,5,5,5,4,3,4,1,1,1,1,2,1,1,0,12.0,0
6828,6851,1,1,21,0,1,1436,1,2,1,3,4,1,4,4,2,4,2,4,4,4,92,98.0,0
2819,2830,1,1,28,1,2,3016,1,1,1,1,4,4,4,4,3,3,5,3,5,4,36,41.0,1
9418,9449,0,1,18,0,0,73,3,1,3,3,4,3,4,4,4,2,3,4,3,4,0,0.0,0
8115,8144,0,0,24,1,0,586,2,5,2,1,3,2,3,3,1,2,1,3,5,3,20,7.0,0
2624,2635,0,1,24,1,2,2323,2,2,2,2,4,5,4,4,3,5,4,5,4,4,0,0.0,1
6970,6994,0,1,50,1,0,109,4,1,1,1,4,4,4,4,2,4,1,5,4,4,0,0.0,1
6772,6795,1,1,57,0,1,431,4,5,4,4,3,5,4,1,1,4,1,3,1,5,0,0.0,0
3570,3583,0,1,29,1,2,2029,2,2,2,2,4,4,4,4,4,5,4,5,5,4,53,50.0,1
8205,8234,1,1,55,0,0,239,1,4,1,3,2,4,4,3,3,1,3,2,3,1,31,11.0,0
