region,year,male_total,m_0_4,m_5_9,m_10_14,m_15_19,m_20_24,m_25_29,m_30_34,m_35_39,m_40_44,m_45_49,m_50_54,m_55_59,m_60_64,m_65_69,m_70_74,m_75_79,m_80_84,m_85_89,m_90_94,m_95_99,m_100+,female_total,f_0-4,f_5_9,f_10_14,f_15_19,f_20-24,f_25_29,f_30_34,f_35_39,f_40_44,f_45_49,f_50_54,f_55_59,f_60_64,f_65_69,f_70_74,f_75_79,f_80_84,f_85_89,f_90_94,f_95_99,f_100+
Countrywide,2010,25024388,1185171,1276671,1702359,1887106,1640269,1904690,1996843,2223206,2253801,2175217,2034512,1442680,1097443,876025,668424,390363,176319,71387,18570,2923,0,24962090,1113804,1178414,1552958,1665941,1481313,1800483,1916802,2141174,2178528,2094236,2003699,1464463,1146039,1018450,887355,649705,396689,192797,62851,14121,2268
Seoul,2010,5020033,218486,223661,298301,352784,332134,451028,464139,470468,438180,412886,400006,302568,236017,186465,124151,64150,28575,11892,3459,586,0,5123584,206551,209614,274337,316272,328998,460255,453822,453975,436035,421429,430116,325983,253209,198338,147400,99210,62931,31496,10782,2446,385
Busan,2010,1749116,66150,73804,107033,132248,121597,137497,132714,138867,144240,148887,159200,126866,95501,72733,49943,26297,10734,3835,836,120,0,1773127,62474,67951,94771,111945,108639,129722,126940,136500,147858,156760,168453,131847,99457,79478,63940,43667,26572,11981,3360,701,111
Daegu,2010,1241448,53294,63257,90699,105187,91647,90003,90156,103582,111977,110952,102316,73824,54209,41442,30580,17807,7220,2607,588,93,0,1246061,49266,56495,79165,85848,72255,85812,90192,107202,115577,113688,104383,78647,58637,49771,41890,29747,16842,7694,2364,507,79
Incheon,2010,1372352,65915,69892,94150,109315,93793,106074,111015,123758,126593,130524,118044,74785,53676,39410,27746,15871,7380,3321,922,146,0,1355220,62195,65509,86884,99251,87131,100411,104988,119293,126547,125776,111516,72209,53605,44663,37925,27677,17628,8620,2729,577,86
Gwangju,2010,716599,37118,43048,59489,62165,49161,55266,56934,63429,64514,58253,51937,34769,28464,21875,15212,8813,4238,1530,328,53,0,728006,34651,39473,54740,56681,45916,53647,57248,64103,64475,58347,53690,36999,30890,25297,20624,14786,9563,4727,1687,390,72
Daejon,2010,746253,37655,42022,55590,61359,53228,57905,58925,67202,67310,63656,58961,40437,29077,21810,15518,9063,4220,1742,477,87,0,744788,35319,38654,50933,54006,47200,55585,59402,66848,67953,63603,59206,40476,29475,24862,20485,15101,9225,4597,1449,346,63
Ulsan,2010,574495,29008,30786,43938,50695,39967,41887,45104,48731,54753,55920,48854,32808,21486,13969,9014,4750,1936,677,181,30,0,543771,26691,27310,38488,41619,32229,37718,42084,49464,55178,51610,46023,30370,19498,14944,12165,8823,5650,2845,873,163,26
Gyeonggi,2010,5880469,317448,336883,426624,447695,366879,432624,486610,571232,574032,538398,464261,293775,208962,164768,125650,73128,32885,14127,3791,607,0,5795994,300059,314435,394716,406781,344892,414623,478678,559007,554894,500082,429532,285486,218923,192714,163773,116829,71145,35010,11471,2544,400
Gangwon,2010,762688,32607,38179,50639,53866,50734,50758,50713,61070,66313,65761,67889,48133,34639,34560,29593,15183,7195,3584,1060,174,0,752418,30418,34871,46638,47868,40758,42814,47585,56678,60206,61910,65236,47879,37050,40688,37307,25640,16905,8410,2829,628,100
North Chungcheong,2010,775396,37081,40180,53999,58619,50909,55927,56477,64017,68439,66893,63711,44971,32653,29711,25422,15553,6978,2965,742,131,0,763092,34715,36913,49331,50911,43393,49792,52256,60213,64166,61711,60227,44688,33427,35721,33750,26233,15271,7353,2362,578,81
South Chungcheong,2010,1041793,51927,53763,69151,71480,62810,75931,80488,88373,88546,86818,80316,59059,49266,41355,37796,26595,11985,4704,1226,183,0,1018569,48907,50085,63439,64103,57555,64195,70416,78612,77763,76980,75351,58788,50172,50726,50722,41025,23403,11516,3763,909,139
North Jeolla,2010,924786,41457,47665,64830,69343,59706,62976,62913,74697,77556,75243,73107,55489,48930,39148,33106,22533,10929,4026,966,148,0,930620,38650,44368,60183,62981,51958,54731,58066,68918,70991,70205,71314,55692,51110,49018,46608,37831,22783,10393,3815,840,165
South Jeolla,2010,951416,41142,45732,63773,68245,57194,59813,61111,72417,80371,79537,77354,58400,53373,46886,41533,25493,12867,4878,1111,161,0,952270,38825,42231,58876,61061,48050,50244,54139,62385,67074,69558,71868,57030,55126,59736,61206,46006,28886,13982,4682,1102,203
North Gyeongsang,2010,1341420,58703,62921,84959,95286,88982,93235,94595,106763,113916,114037,111704,86061,67789,56952,50306,32438,14861,6050,1615,221,0,1328728,54329,56502,75675,79253,71048,80628,85533,98062,103189,105818,107945,88075,68994,71782,71404,55031,32781,16000,5392,1122,165
South Gyeongsang,2010,1643315,82331,87576,117229,126574,104470,115182,124936,143638,150573,143068,135192,95922,70898,54538,44838,27726,12693,4721,1060,137,0,1623075,76825,78688,104653,107216,86230,102699,116585,136047,142419,134431,128370,95382,73465,68916,67064,52855,31630,14713,3916,853,118
Jeju,2010,282809,14849,17302,21955,22245,17058,18584,20013,24962,26488,24384,21660,14813,12503,10403,8016,4963,1623,728,208,46,0,282767,13929,15315,20129,20145,15061,17607,18868,23867,24203,22328,20469,14912,13001,11796,11092,9244,5474,3460,1377,415,75
Countrywide,2011,25139187,1198375,1217765,1632137,1877850,1681991,1800309,2035766,2130605,2304173,2136919,2135459,1571622,1118320,875866,705271,428955,189454,74435,20406,3069,0,25097286,1129572,1127507,1496244,1658457,1517168,1693047,1955250,2052736,2249436,2025779,2107576,1591415,1168392,1000540,920981,691824,421773,202488,68988,15625,2488
Seoul,2011,4987663,217012,212886,283105,344584,335136,422201,468407,446062,450343,401842,408590,323910,234211,186646,134001,71316,30659,12264,3795,590,0,5101204,205974,199842,261291,308866,331109,431295,461258,432452,452460,401702,437887,350731,251636,200701,155360,105471,65416,32953,11661,2723,416
Busan,2011,1741085,67548,69205,100233,129257,122718,126764,137073,132939,145398,142823,161877,134191,98558,72893,53698,28987,11804,4037,950,116,0,1768223,64083,64326,89639,109414,109505,119112,131075,129248,150230,146679,173066,140056,103591,78821,67444,46352,28171,12702,3760,837,112
Daegu,2011,1238973,53685,59343,85984,103378,93220,85206,90856,98944,112852,107909,107060,79319,57130,40653,32437,19556,7896,2793,651,92,0,1246140,50003,53195,75670,85600,73997,78619,91388,101814,118299,108827,109784,83909,61949,48029,43952,31603,18192,8053,2631,544,82
Incheon,2011,1394059,68486,67613,90398,108157,97890,101392,116140,121032,129846,127382,126226,84191,54311,40878,29802,17648,8043,3374,1067,157,0,1378316,64840,63567,83720,98094,90826,96055,110394,115591,129904,123241,120228,81318,54144,45312,39489,29865,18740,9182,3072,631,103
Gwangju,2011,720804,37448,40833,57204,62702,50644,52052,57785,61704,65772,58806,54689,37201,29047,22288,16603,9503,4446,1645,373,56,0,733273,35008,37484,52998,57034,47051,50532,58187,62159,66372,58322,56810,39272,31790,25140,22040,15784,10102,4863,1848,392,85
Daejon,2011,752323,38299,40384,53394,61181,54504,55327,60517,64777,69618,62056,62040,44616,30025,21959,16587,10041,4537,1842,527,83,0,751615,36078,37397,49120,53791,48439,52698,60560,64692,70741,61107,62716,44760,30551,24566,21260,16306,9961,4807,1591,393,81
Ulsan,2011,579649,29620,29192,41509,50132,41998,39901,47102,46897,54467,55363,52114,35966,22970,14395,9806,5211,2084,687,204,30,0,548536,27459,26126,36750,41029,33527,35570,43431,46753,56224,50519,49203,33595,21043,15017,12696,9385,6014,3039,929,204,23
Gyeonggi,2011,5957036,321101,325149,413677,449948,384324,412826,496690,549052,591542,534923,497439,330849,211117,168267,133422,81282,35795,14588,4313,625,0,5876470,303882,304227,384273,407571,360898,392921,487169,538627,578890,493611,463075,320497,220381,193362,171600,126238,75881,37364,12731,2823,449
Gangwon,2011,766602,32575,35936,49144,54365,52267,48549,50859,58301,66881,64343,70662,54377,33726,33999,30613,17280,7732,3699,1059,192,0,755984,30477,33003,45048,48524,41798,40188,47686,54324,61135,59301,68612,53440,36506,39327,38790,27512,17620,8835,3079,673,106
North Chungcheong,2011,782462,37902,38295,51740,58970,51605,53814,57607,62246,69420,65323,67851,50218,33677,29101,26094,17296,7247,3071,820,150,0,769984,35394,35408,47748,51231,43992,47284,53329,58439,65753,59391,64324,49297,34370,34138,34453,28165,16389,7564,2609,618,88
South Chungcheong,2011,1055801,53376,52066,67402,72560,63694,72184,83440,85774,92974,84448,86069,63931,50779,40744,37988,29053,12818,4981,1280,218,0,1030990,50149,48336,62238,64902,58306,61704,72017,76965,81699,73669,80331,63357,51881,47915,51069,43978,25093,12115,4106,995,165
North Jeolla,2011,927712,41944,45005,62170,69931,60870,59537,63579,71170,79448,74479,76596,58806,49612,39035,34399,24095,11563,4261,1047,153,0,933485,39384,41666,58080,63594,52968,51832,58493,65953,72804,68119,74818,58784,51754,47233,47690,39860,24373,10955,4020,927,178
South Jeolla,2011,949897,41501,42748,61120,68377,57649,56235,61047,68658,80582,79765,81200,60802,54569,45261,43247,27227,13417,5083,1200,185,0,950269,39250,39654,56357,61290,48547,47505,54405,59281,68037,67386,75375,59018,55645,55982,62850,48120,30711,14389,5019,1246,202
North Gyeongsang,2011,1346531,59546,59384,81503,94454,90518,88605,96601,102248,114868,111631,117298,92695,71859,54847,51418,35001,15753,6341,1691,242,0,1334072,55436,53617,72776,79597,71894,75636,87480,94341,104985,101749,112964,94023,73307,66979,72192,58224,34907,16660,5877,1247,181
South Gyeongsang,2011,1652919,83477,83166,112135,127144,107302,108268,127920,137019,153090,140763,143114,104187,74299,54270,46569,30022,13766,5061,1196,134,0,1633325,78174,74964,100877,107581,88454,95763,119029,129770,146515,129807,136870,103062,76856,66250,68635,55239,34230,15682,4519,908,140
Jeju,2011,285671,14855,16560,21419,22710,17652,17448,20143,23782,27072,25063,22634,16363,12430,10630,8587,5437,1894,708,233,46,0,285400,13981,14695,19659,20339,15857,16333,19349,22327,25388,22349,21513,16296,12988,11768,11461,9722,5973,3325,1536,464,77
Countrywide,2012,25235801,1194184,1213887,1541361,1841262,1745900,1695983,2059929,2059932,2329709,2105052,2185643,1660581,1173485,883386,770635,461679,207590,78671,23016,3439,0,25218375,1126563,1131582,1409090,1640158,1560278,1591466,1969375,2002642,2248382,2027387,2149940,1672381,1221041,994439,987595,724034,448550,216187,77654,16899,2732
Seoul,2012,4955289,214027,210232,264609,332138,343148,394825,471418,425912,455190,392724,408376,333699,241501,187278,150324,78175,33757,12973,4208,663,0,5080462,202896,197993,244423,300024,336644,404601,462893,419571,452334,398286,433722,361988,259672,205325,169520,111263,68141,34918,12916,2884,448
Busan,2012,1732956,68046,68699,93268,123482,126404,116989,138067,128405,145662,137629,160647,138875,103032,74104,59273,31558,13202,4326,1122,146,0,1764751,64584,63974,83719,105987,110540,110535,131625,125351,147057,143616,172452,146023,108589,80322,72817,48757,29580,13959,4265,871,128
Daegu,2012,1237273,53470,58181,80118,100496,96300,80586,90894,94905,112362,106017,109687,83229,60545,40862,35729,21000,8864,3168,750,102,0,1247263,49870,53239,70308,84973,75933,71901,91585,97608,116818,108969,112825,86772,65769,48212,47332,33152,19584,8806,2924,592,91
Incheon,2012,1414192,69638,68849,85470,105740,102934,97438,119503,119017,132280,124470,131075,90881,58291,42530,33116,19271,8750,3561,1172,179,0,1400440,65889,64944,78944,96063,95223,92227,113661,113974,130250,122789,125652,88392,57364,46415,42897,31320,20174,9939,3449,754,120
Gwangju,2012,723499,36935,40648,53752,62280,53153,48253,58268,60187,66435,59274,55985,39740,29855,22498,18742,10425,4757,1806,444,56,0,736323,34785,37224,49679,56961,48638,46824,58265,60776,67122,59145,57851,41931,32452,25510,24039,16763,10590,5200,2053,434,81
Daejon,2012,756665,38496,40132,50525,60349,56619,52498,61291,62854,70425,61208,63568,47758,31859,22161,18391,10942,4925,1954,587,109,0,756233,35908,37681,46188,53405,49913,49554,60978,63372,70818,61083,64326,47908,32451,24359,23228,16994,10611,5198,1759,420,79
Ulsan,2012,586284,29915,29339,38514,48911,44485,38672,48709,46165,54143,54369,54543,38563,24779,15046,11195,5614,2352,731,208,30,0,553798,27842,26523,34052,40884,34740,33428,44477,45481,55265,51288,50826,36327,22887,15255,13821,9891,6273,3228,1056,227,27
Sejong,2012,57189,3066,2993,3301,3388,3460,3480,4573,4981,5390,4334,4752,3820,2779,2079,2176,1525,717,279,84,10,0,55049,3013,2958,3165,2867,2977,2854,4138,4483,4235,3648,4177,3560,2842,2424,2851,2296,1533,703,256,60,9
Gyeonggi,2012,6031893,320194,326974,395325,446476,407064,394208,503733,532719,603872,530110,520205,356417,226901,173048,145740,88282,39625,15256,4922,715,0,5956963,302982,307604,366258,406640,378476,374599,490844,527183,585651,501738,485101,343383,233344,195807,184561,133614,81184,39920,14416,3160,498
Gangwon,2012,767349,31857,35228,46779,53829,53920,45602,50950,55361,67240,62726,71018,57513,36769,33635,32220,19356,8190,3726,1172,210,0,757221,30104,32434,42346,48317,43023,37268,47437,52900,60763,58040,69144,55677,39430,38028,41062,29226,18452,9370,3289,791,120
North Chungcheong,2012,783669,37322,38001,48921,57904,53196,50710,58432,60490,69052,64261,69355,53218,36178,28288,27829,18457,7842,3150,913,131,0,771560,35301,35309,44814,51123,44714,44000,53878,57392,64690,59376,65467,51907,36694,32222,36339,29211,17374,8055,2952,648,94
South Chungcheong,2012,1019838,51095,50467,61941,69134,62905,65102,81874,81277,90223,80328,85188,64784,49665,38296,38458,28700,13732,5033,1390,221,0,995181,48198,46985,56686,62437,56630,56507,70422,73291,78554,70906,78976,63045,51067,42975,51493,43055,26100,12249,4506,939,160
North Jeolla,2012,927125,41599,44224,58928,69054,62024,55162,63603,68500,80303,73894,77841,62488,49455,38909,37524,25280,12253,4665,1248,151,0,933555,38964,41356,54775,62838,53799,48472,58120,64344,72777,67865,75805,61485,51637,44669,51915,41278,25698,11994,4581,1000,183
South Jeolla,2012,947695,41220,41816,57366,67628,59033,51800,61428,65792,80158,79882,82494,63945,54597,44285,46266,28830,14341,5185,1405,206,0,948127,39304,39121,52480,60916,49743,44361,54148,57633,67535,67053,75795,61176,55197,52520,66144,50359,32686,14653,5788,1281,234
North Gyeongsang,2012,1346324,59339,58753,76302,92430,91445,83563,97257,98073,115509,109379,119891,97252,75309,53996,55260,36564,17161,6730,1804,282,0,1333977,55195,53557,67862,79127,72384,70408,87529,91546,103801,100717,114874,96732,77534,63332,76148,60241,37066,17866,6468,1378,212
South Gyeongsang,2012,1658666,83083,82933,105576,125381,111050,100704,129356,132254,153687,139042,147399,110613,79201,55455,49293,31838,14857,5418,1329,181,0,1638447,77626,75684,94736,107035,90456,88707,119624,126140,144646,130144,140720,108557,80959,65054,71624,56584,37016,16828,5181,966,160
Jeju,2012,289895,14882,16418,20666,22642,18760,16391,20573,23040,27778,25405,23619,17786,12769,10916,9099,5862,2265,710,258,47,0,289025,14102,14996,18655,20561,16445,15220,19751,21597,26066,22724,22227,17518,13153,12010,11804,10030,6488,3301,1795,494,88
Countrywide,2013,25330055,1182909,1198807,1462879,1796635,1795507,1639816,2068061,1983304,2310562,2160064,2189836,1782408,1200143,932644,787433,497471,227016,84190,26147,3688,0,25333672,1117805,1122112,1341434,1614684,1596473,1526296,1986703,1907720,2232575,2099375,2147511,1784346,1251635,1029997,998965,761296,473520,232631,87731,17863,3000
Seoul,2013,4925496,209552,205606,249465,318886,347195,377177,471502,406841,450617,398291,403515,348951,244217,195316,155962,85974,36980,13780,4850,696,0,5064176,198979,193804,231526,291144,339091,387298,466630,398583,449156,406127,425084,378809,264181,214709,175437,117755,70690,37357,14301,3035,480
Busan,2013,1726562,68406,67304,87383,117823,128603,111693,137199,124220,143643,138825,156363,145280,104211,78099,62308,34439,14543,4750,1300,148,0,1762157,64779,63326,78916,102597,111614,104584,131850,119526,144280,145296,167885,152598,111211,84728,75443,51525,30790,15324,4843,888,154
Daegu,2013,1234651,52748,56548,75409,96967,97945,78352,90731,90607,109544,108870,110298,87448,61801,43365,37141,22627,9804,3466,854,112,0,1246902,49748,52000,66783,83156,77878,67187,91798,91453,114642,112225,113747,90049,67466,50434,48873,35070,20793,9626,3266,611,97
Incheon,2013,1432268,69942,68681,81604,102353,107106,95718,122093,116463,132317,126530,132368,100333,60587,45473,34634,21159,9584,3703,1398,190,0,1419509,66261,64948,76043,93255,98327,90205,116476,110000,129429,126908,127260,97515,60090,48853,43711,33287,21268,10803,3900,832,138
Gwangju,2013,725433,36602,39403,51018,61399,55386,45802,58574,58114,65715,61064,57121,43074,29978,24021,19087,11419,5098,1985,500,68,0,738337,34275,36656,46877,56580,50219,44283,58469,58035,66640,61337,58469,45363,32802,27012,24208,17617,11192,5412,2315,495,81
Daejon,2013,760643,38209,39794,48040,59050,58111,51247,61693,60433,70184,63862,63428,50942,32810,23773,18886,11861,5391,2152,659,102,0,761056,36057,37278,44131,52976,51296,47269,61359,60573,70326,64493,64136,51327,33328,25612,23619,17905,11274,5520,2034,460,83
Ulsan,2013,591448,29943,29045,36052,47349,46262,38361,49365,45579,52790,55634,54995,41728,26046,16494,11933,6164,2642,808,224,33,0,558294,28202,26520,32000,40119,36022,32094,45407,43342,53663,53649,51249,39259,24367,16308,14275,10357,6581,3429,1209,212,30
Sejong,2013,61745,3325,3428,3494,3555,3709,3761,4896,5178,6087,4910,4992,4286,2915,2212,2170,1645,775,295,99,10,0,59522,3271,3334,3304,3180,3284,3078,4609,4800,4824,4088,4376,3878,2974,2507,2861,2356,1646,789,280,75,8
Gyeonggi,2013,6102230,317431,325659,379898,440781,424043,387218,508675,514153,603307,546432,527955,392937,237112,184085,149777,96082,43925,16205,5654,783,0,6031352,300223,307540,352286,403679,392124,365281,496871,504461,585946,526944,493678,375798,242645,203905,188007,142002,86248,43417,16378,3368,551
Gangwon,2013,769714,31307,34342,44011,53216,55995,44163,50710,52393,66024,64441,70279,62164,38602,34008,32295,21356,8905,3841,1376,230,0,758779,29531,31650,40108,47980,43811,35551,46976,50164,60129,59476,68081,60034,40715,38124,41103,31294,19273,10174,3649,826,130
North Chungcheong,2013,787280,36961,37543,46209,56527,55086,48997,58676,57925,68502,66928,68382,57742,37682,29604,27928,19435,8613,3396,982,139,0,775103,35016,35032,42216,50814,45680,42056,54503,54251,63765,62817,64685,55737,38248,32455,36245,30198,18694,8686,3233,654,118
South Chungcheong,2013,1030346,50871,50709,58975,68725,64821,62937,82774,79440,90350,84354,85749,69825,49976,40653,37879,29870,15051,5567,1536,260,0,1003472,47992,47357,54361,62048,57616,54364,71988,70355,78786,74473,78556,67530,51345,44047,50331,44794,27928,13344,5051,1038,168
North Jeolla,2013,926779,40948,43556,55437,68157,63661,52201,63083,65310,79255,76436,78466,66288,49610,41152,36810,26525,13217,5064,1399,184,0,933782,38548,40481,51750,62410,54738,46101,57668,60949,72275,70262,75638,65319,51571,45765,50997,42532,27334,12932,5230,1076,206
South Jeolla,2013,946058,40646,40986,53790,66768,60399,48779,61043,62751,78535,81118,83437,69590,53795,46122,45165,30677,15124,5526,1586,198,0,947520,38996,38426,49231,60419,51097,41998,54315,54836,66503,68014,76078,65461,54444,52715,63800,53088,34578,15153,6812,1303,253
North Gyeongsang,2013,1346982,58896,57693,72058,90048,92282,80778,96762,94115,112829,112406,120551,102151,77119,57122,55816,38459,18539,7093,1957,285,0,1334497,54854,52806,64216,77890,73622,66336,87669,86209,101862,103590,115123,100321,79979,63589,76413,62780,39072,19381,7071,1464,250
South Gyeongsang,2013,1667127,82113,82130,99971,122538,114990,96696,129272,127517,152776,143797,147324,119926,81048,59545,50343,33552,16048,5844,1473,199,0,1645272,76791,75968,89507,106048,92508,83889,119814,119493,143895,136260,140341,116313,82994,66813,71798,58680,38879,18178,5919,1019,165
Jeju,2013,295293,15009,16380,20065,22493,19913,15936,21013,22265,28087,26166,24613,19743,12634,11600,9299,6227,2777,715,300,51,0,293942,14282,14986,18179,20389,17546,14722,20301,20690,26454,23416,23125,19035,13275,12421,11844,10056,7280,3106,2240,507,88
Countrywide,2014,25418917,1178042,1183972,1385046,1738971,1845874,1628838,1989163,1961321,2280419,2197923,2179542,1890087,1272306,983443,791360,534599,251900,93279,27908,4376,0,25443672,1115731,1111567,1273527,1578467,1629717,1507851,1900024,1897940,2195231,2145617,2127474,1899962,1318242,1071480,992415,799301,506916,257283,92333,19293,3301
Seoul,2014,4899810,207459,199838,235745,303925,353195,371213,450572,400866,441984,403487,396841,361815,254311,202894,158690,94593,40861,15493,5063,836,0,5052503,196738,189264,219596,280899,343897,380841,445900,398174,439626,411471,415435,393434,275427,224259,178381,125205,74708,40440,15054,3212,542
Busan,2014,1720938,69178,66412,81493,111594,129918,109912,130684,124442,141270,140109,150965,148523,109567,81895,63883,37791,16232,5469,1400,180,0,1761131,65620,62461,74616,98326,112319,102829,125060,119956,140506,146440,161222,159860,115161,89531,76337,54875,32841,16836,5241,930,164
Daegu,2014,1230251,52548,55137,70392,92792,99088,78511,86308,88811,107146,109351,108608,93164,64296,46341,37331,24317,11251,3775,929,144,0,1243841,49838,50950,62603,80898,79070,66159,85611,89897,110967,113570,111416,97175,69419,53100,48804,37053,22602,10445,3476,681,107
Incheon,2014,1443144,69953,68639,77398,98520,109981,95995,117606,116611,131505,127083,132241,108561,65272,48757,35580,22915,10653,4128,1462,254,0,1432419,66413,64970,72543,90525,99828,90447,112397,110552,126726,128596,128381,105813,64690,51660,43863,35097,22600,11963,4293,916,146
Gwangju,2014,726716,36119,38823,47917,59771,57734,44530,56278,57156,65952,62172,57128,46550,30794,25518,19418,12279,5683,2242,572,76,0,740307,33933,36245,44102,55679,51651,42969,55319,57599,66822,62813,57916,49107,33530,28772,24320,18495,11916,6194,2311,510,104
Daejon,2014,760073,37800,38746,45374,57050,59336,51196,59294,58954,68692,65157,63070,53752,34996,25374,19293,12773,6094,2292,686,129,0,761007,35664,36408,41939,51546,52407,46310,58279,59428,68544,66275,63538,54416,35932,26987,23720,18735,12043,6061,2213,472,90
Ulsan,2014,597157,30273,29194,33664,45267,47657,39194,48110,46410,51753,55763,55323,44995,28165,18032,12276,6839,3029,930,238,41,0,562734,28626,26749,29880,39128,36806,32074,43786,43230,52111,54882,51476,42684,26299,17292,14608,10792,7006,3738,1305,224,38
Sejong,2014,78423,5001,4930,4569,4258,4577,4538,6508,7229,8185,6317,5899,4985,3441,2533,2291,1769,928,340,116,7,0,76851,4829,4758,4358,3961,4187,4187,6667,7140,6755,5288,5054,4632,3439,2837,2956,2603,1839,943,330,76,12
Gyeonggi,2014,6164173,315084,323340,363261,431178,441905,389881,492194,508773,597635,557582,534463,425843,258108,194492,152533,103571,48972,18214,6050,969,0,6094622,299490,305395,337683,397988,403796,365642,475649,501278,579187,543916,501899,407499,261384,212239,188939,150001,92686,48307,17367,3676,601
Gangwon,2014,771389,30788,33452,41465,52164,57842,43821,48583,50780,64511,65757,68911,65486,42830,34124,32098,23238,9769,3942,1517,256,0,759650,29159,31080,37701,47402,44488,34847,44465,48817,59118,60512,65900,63932,44312,37540,40558,33196,20481,11174,3928,908,132
North Chungcheong,2014,790653,36442,36902,43659,55156,57242,48116,56736,56913,67040,68874,68213,61303,40650,30893,27283,20716,9671,3635,1050,135,0,778124,34861,34588,39833,49985,46872,41098,52295,53242,62052,65187,63812,59332,41320,32749,35421,31372,20137,9743,3374,722,129
South Chungcheong,2014,1038704,50574,50635,56245,67512,67028,62412,80345,78769,89918,86219,86541,74083,52439,43238,37018,30834,16816,6143,1615,299,0,1009756,47557,47288,52062,61244,58334,53709,69528,70034,78268,76080,78279,71302,53984,45301,48797,46243,30327,14735,5316,1180,188
North Jeolla,2014,925590,40430,42860,52264,66191,65146,50536,60153,63181,78785,77802,77934,69522,51903,43488,35858,27644,14537,5632,1504,197,0,933865,38084,39900,48868,60837,56160,44839,55088,59088,72229,71418,74095,68569,53367,47816,49032,43923,29491,14387,5283,1185,206
South Jeolla,2014,945780,40199,40306,50248,65187,62506,47456,58495,61266,77262,82153,82814,74017,54842,48792,43550,32429,16102,6217,1680,237,0,946961,38646,38050,45937,59293,52317,41029,51874,54474,65406,68341,74342,69753,55279,53947,60804,55094,36322,17461,6902,1421,269
North Gyeongsang,2014,1347427,58751,56842,67419,87241,92914,79901,92497,92416,110424,114171,119009,108750,80371,61386,54059,40801,20540,7525,2066,315,0,1335900,54763,52273,60106,76087,74440,64353,83585,84945,100022,105211,111949,107552,83194,65330,73744,65537,42573,21016,7355,1582,283
South Gyeongsang,2014,1676113,82118,81398,94560,118968,118589,95692,123950,126386,149912,148519,146211,127396,86640,63766,50674,35498,17475,6446,1645,244,0,1653557,76915,75977,84294,104511,94420,81732,114481,118833,140384,141160,139260,124248,87384,69365,70377,60788,41587,20133,6438,1078,192
Jeju,2014,302576,15325,16518,19373,22197,21216,15934,20850,22358,28445,27407,25371,21342,13681,11920,9525,6592,3287,856,315,57,0,300444,14595,15211,17406,20158,18725,14786,20040,21253,26508,24457,23500,20654,14121,12755,11754,10292,7757,3707,2147,520,98
Countrywide,2015,25497198,1162479,1202263,1276621,1697739,1878865,1632009,1896587,1987476,2209227,2231081,2140250,1984630,1391067,1038335,792612,557071,283711,100763,28894,4943,0,25543651,1103697,1130819,1178944,1550855,1664424,1491780,1807248,1916054,2135914,2171215,2085215,1990407,1448662,1125700,978309,816272,545944,278835,98757,21000,3600
Seoul,2015,4847170,201856,199529,215117,292670,353070,365199,425695,401936,421949,408371,384543,367294,271743,208932,159536,100218,46487,16877,5035,978,0,5014827,191855,189262,201214,272418,346091,372983,422988,399229,422225,415831,399091,399101,298274,232252,179850,129248,80263,42817,15765,3481,589
Busan,2015,1715802,69405,67964,74377,106783,130413,109349,122460,127471,136809,141433,143447,150908,117717,86986,63668,40519,18474,5899,1478,221,0,1759752,65560,64158,68670,94970,113832,100988,117230,122164,135735,146189,153080,162418,126484,95455,74959,57613,35475,17851,5703,1042,176
Daegu,2015,1226204,51916,55274,64051,89375,99772,79097,82110,88831,103280,109935,106533,97015,68973,49897,36704,25326,12927,4019,997,160,0,1242067,49394,51464,57155,78600,81506,65200,79880,89273,107126,113435,110058,100614,75707,56608,47491,38221,24469,11300,3686,762,118
Incheon,2015,1453307,69264,70102,71954,95629,111257,96837,112924,118925,128609,127711,130124,116042,72904,51898,36745,23933,12141,4519,1470,281,0,1444214,65580,66596,67662,88456,101138,90622,107213,112725,123615,129009,127269,113000,73478,54423,44237,36021,24306,13028,4665,1000,171
Gwangju,2015,724918,35080,39113,43526,58779,59007,44064,52965,57157,63712,63470,56331,49603,33130,26758,19851,12834,6455,2386,602,91,0,738241,32918,36554,40093,54402,53166,41812,51811,57649,64637,63910,56994,52264,36149,30179,24291,19037,12536,6757,2406,573,103
Daejon,2015,753142,36405,38146,41399,54836,59917,51446,56142,58148,65411,66135,61110,56003,37950,27036,19737,13150,6810,2490,710,145,0,754557,34441,36010,38217,50226,53240,45254,54161,58561,65921,66641,61427,57182,39332,28708,23903,18909,12922,6549,2373,487,93
Ulsan,2015,600970,30275,29778,30891,43493,48494,40307,45999,48175,49964,55056,55384,47689,31009,19889,12433,7369,3393,1057,257,54,0,565830,28639,27526,27381,38061,37661,31741,41326,44184,50035,55191,51212,45317,29734,18985,14405,11321,7517,3886,1410,256,42
Sejong,2015,105267,7583,7656,6376,5562,5979,5753,8779,10673,11275,8654,7119,6298,4424,3195,2439,1901,1065,410,113,12,0,104679,7142,7440,6203,5244,5426,5836,9574,10879,9976,7230,6312,5918,4446,3408,3157,2786,2091,1117,407,76,11
Gyeonggi,2015,6240722,311702,330045,337820,426724,455790,397460,473331,517908,582633,570476,532146,458706,291375,205696,156224,109473,55690,20054,6220,1127,0,6175461,297129,311608,315856,395471,415585,368010,455999,507859,567323,556890,504177,438685,294265,223453,190798,154273,101525,52754,19092,4039,670
Gangwon,2015,774569,29866,33453,38111,51162,59917,44564,46606,50569,62183,66910,66637,68400,48614,34054,31853,24575,10998,4187,1581,279,0,761112,28603,31312,34927,46607,45085,34473,42138,48625,57604,60870,63351,67355,49299,37390,39651,34580,21718,12074,4333,962,155
North Chungcheong,2015,793262,35580,37417,40060,53735,58690,48144,54549,57293,64769,69181,67774,64362,45348,32003,27213,20981,11018,3850,1131,139,0,780204,34311,34980,36627,48960,48313,40607,49754,53090,60643,64974,63198,62264,45972,33666,34641,31105,21915,10603,3667,770,144
South Chungcheong,2015,1046886,49966,51793,52296,66924,68627,62274,76753,80695,87840,87709,85376,78361,57376,46529,36664,30475,18630,6518,1764,283,0,1016340,47193,48219,48575,61104,59594,52842,66492,70914,77322,76842,76343,75222,58311,48577,47282,45164,33290,15874,5743,1232,205
North Jeolla,2015,924102,39296,43025,48240,64682,66471,50001,56587,62932,76117,78630,75861,73096,54993,46937,35677,27581,16125,6074,1529,226,0,933146,37101,40362,44833,59785,57649,43713,52211,59010,70161,71721,71258,72358,56230,51089,47659,43333,31856,15989,5324,1290,214
South Jeolla,2015,947535,39645,41279,45694,63697,64429,46835,55886,61924,74308,82363,81400,78678,57964,51244,42331,33603,17503,6700,1754,270,0,948129,38428,38763,42069,58217,54051,40382,49913,55200,63260,68671,71656,73910,57967,55090,57787,56314,37863,19749,6963,1579,297
North Gyeongsang,2015,1348189,58360,57350,61456,85308,93652,78618,88056,93037,106730,115183,116853,114056,86560,66236,51953,41405,22847,7930,2221,347,0,1336663,54610,53011,55302,74965,75376,62534,79214,84550,97451,105021,109476,111738,90193,69448,69456,65861,45978,22557,7937,1693,292
South Gyeongsang,2015,1683960,80700,83325,86887,116134,121207,95662,117408,128627,145181,151081,143623,135230,95465,68677,49782,36823,19330,6794,1727,272,0,1659967,76056,77722,77922,102988,96856,79889,107655,120017,136457,142919,136375,131092,96969,73628,67038,61951,44029,21749,7225,1213,217
Jeju,2015,311193,15580,17014,18366,22246,22173,16399,20337,23175,28457,28783,25989,22889,15522,12368,9802,6905,3818,999,305,58,0,308462,14737,15832,16238,20381,19855,14894,19689,22125,26423,25871,23938,21969,15852,13341,11704,10535,8191,4181,2058,545,103
Countrywide,2016,25558431,1129639,1214148,1217730,1627895,1869494,1673096,1792120,2024789,2116152,2280718,2102370,2083928,1516739,1059417,796767,592669,314394,110104,30086,5583,0,25626663,1074028,1145641,1128024,1494619,1656584,1525652,1699144,1953996,2047122,2241025,2016484,2092564,1574397,1148210,963363,850213,584721,298559,104760,23629,3928
Seoul,2016,4789275,192976,196811,203453,276727,345105,369323,398360,404103,397523,417671,372271,373485,289949,206411,159641,108781,51961,18336,5175,1097,0,4970805,183419,187205,190828,258736,340611,376754,397453,402217,399523,429457,378917,405014,319920,230460,182071,136862,85558,44779,16512,3871,638
Busan,2016,1705569,67943,69199,69881,99825,127524,111453,113618,131075,130665,142662,137361,153263,124317,89702,64168,43821,20560,6675,1593,246,0,1753713,64069,65733,64783,90021,111654,102567,108270,125971,128280,148704,143232,166736,134180,99367,74404,61086,37937,19109,6180,1228,202
Daegu,2016,1223030,50688,55570,60064,84804,98314,81553,78152,89411,98483,110853,103547,101583,74165,52499,36252,27051,14283,4510,1069,162,0,1241629,48491,52210,53863,75009,81784,67061,73490,90237,101632,116098,105759,105763,80862,59928,45821,40198,26215,12310,3927,842,129
Incheon,2016,1460668,66727,71332,69021,91573,110039,100673,106528,122346,124143,130555,126263,123564,81698,52182,37963,25742,13561,4952,1458,308,0,1452914,63588,67662,64898,85191,99849,93726,100820,116253,118458,131887,124302,120459,82182,54642,44846,37632,26262,13876,5046,1159,176
Gwangju,2016,723272,33560,39032,40983,56365,59696,45281,49481,56943,61319,64513,56769,52090,35415,27096,20255,14037,7071,2599,662,98,0,736631,31796,36518,37764,52301,53372,42407,47832,57708,62024,65784,56697,55099,38254,30865,24162,20294,13331,7143,2520,638,122
Daejon,2016,750598,35124,37993,39230,52178,59587,52753,53525,58479,62077,67513,59119,58451,41658,27807,19885,14110,7496,2693,746,156,0,752451,33076,35832,36261,48015,53203,46342,50599,58598,62964,68810,58459,60076,43185,29602,23548,19734,13896,7142,2466,540,103
Ulsan,2016,600063,29520,30297,29197,41089,47849,41126,42822,49480,47823,54469,54551,50686,33792,21193,12896,8054,3744,1149,270,52,0,565766,28042,28038,26125,36184,36929,32416,38451,45347,47117,55839,49867,48245,32738,20359,14383,11713,8021,4135,1484,296,37
Sejong,2016,120995,8740,8989,7406,6341,6707,6690,9718,12625,12602,10789,7853,7330,5267,3557,2566,2032,1207,446,114,16,0,121043,8302,8871,7263,6098,6045,7033,10413,13066,11576,8981,6968,7045,5363,3822,3147,2965,2275,1254,440,91,25
Gyeonggi,2016,6333311,306068,335032,326869,415648,460147,416757,453253,532743,563555,590659,530642,492708,328883,209048,160758,117661,62621,22321,6441,1362,0,6269473,291834,317333,306523,386616,417302,384454,433384,521901,549376,582781,498941,473326,331223,225862,192693,162692,110620,56577,20670,4615,750
Gangwon,2016,774359,28582,33630,35800,49473,58390,45395,44476,50750,59207,67267,65291,71412,55105,33299,31567,25686,12549,4527,1615,290,0,762510,27628,31497,33056,44824,44978,35369,39424,49021,55208,61915,60652,70868,54940,36718,38412,35973,23426,12679,4676,1066,180
North Chungcheong,2016,797411,34696,37979,38013,51366,58875,49111,52316,57874,62637,69705,66184,68667,50786,32877,26763,21724,12394,4049,1184,187,0,783421,33339,35496,34895,47291,48510,40879,47100,53742,58498,66229,60834,66446,50712,34509,33154,31783,23699,11422,3826,900,157
South Chungcheong,2016,1057226,48510,52848,50617,64920,69513,63056,72981,83401,85002,91578,82878,84346,62256,48181,36551,30840,20455,7071,1868,325,0,1024974,46529,49254,46875,59647,59711,53209,63282,72863,75360,80478,73019,80270,62851,50419,44829,45641,35888,17194,6047,1383,225
North Jeolla,2016,921415,37668,43338,45566,62057,66655,50257,52878,62876,72116,80188,74992,76443,58295,47640,35829,28823,17402,6454,1639,267,0,930880,35423,40896,42133,57602,57650,43944,49074,59133,67024,73481,69012,75751,59375,51613,46050,44404,33690,17364,5652,1373,236
South Jeolla,2016,945654,38405,41849,42893,61098,64356,47102,52431,62149,70594,82650,81560,82472,60513,52793,41235,35514,18790,7138,1785,295,0,944976,36900,39541,39811,55844,53713,40474,47297,55806,60460,69538,69389,77738,60067,55762,54442,57918,39961,21092,7232,1706,285
North Gyeongsang,2016,1347562,56847,58251,58231,81687,92510,78333,82557,94601,101792,115821,114349,119595,93475,70379,50381,42558,24870,8578,2334,373,0,1334541,53191,53922,52438,72027,74226,62040,73664,86129,93710,106532,104752,116614,96081,73707,65000,66648,49048,24272,8345,1879,316
South Gyeongsang,2016,1687932,77987,84536,82572,110906,121323,96951,109365,131641,138720,153545,141577,143291,103797,72203,49951,38775,21244,7413,1825,284,0,1664644,73577,79280,74612,99222,96934,80968,99564,122562,130376,146947,131356,139644,104879,77071,64626,63717,46275,23638,7757,1404,235
Jeju,2016,320091,15598,17462,17934,21838,22904,17282,19659,24292,27894,30280,27163,24542,17368,12550,10106,7460,4186,1193,308,65,0,316292,14824,16353,15896,19991,20113,16009,19027,23442,25536,27564,24328,23470,17585,13504,11775,10953,8619,4573,1980,638,112
Countrywide,2017,25595073,1065906,1210624,1214158,1537462,1833098,1737610,1689263,2050356,2047932,2308831,2073731,2136318,1605618,1115179,810430,653967,341824,123089,32495,6561,0,25681241,1012690,1143326,1132528,1408239,1638742,1568187,1598564,1969056,1998184,2241022,2018763,2135445,1655255,1201388,961004,916018,616030,321024,114375,27229,4172
Seoul,2017,4745276,179284,193620,200701,258699,334033,380762,375041,406511,378937,421568,363603,373382,298575,212923,160710,122200,57340,20462,5581,1213,0,4943445,170824,183827,188669,242302,335760,385691,376471,403113,385999,428821,375378,401683,330229,237319,186450,149936,90996,47081,17917,4313,666
Busan,2017,1690216,63648,69195,68908,92546,121737,115243,105062,131548,125588,142734,132753,152085,128760,93647,65675,48830,22667,7515,1738,315,0,1742168,60101,65642,64131,83818,108548,104326,100443,126088,123763,145356,139904,165454,139389,103832,76090,66166,40186,20257,7018,1433,223
Daegu,2017,1217194,47943,55283,58939,78956,95540,84622,74223,89483,94304,110477,101874,103650,77650,55542,36587,30053,15443,5179,1224,203,0,1238884,45814,51925,53919,69602,81251,69615,67840,90121,97386,114588,105654,108269,83480,63397,46114,43341,27656,13503,4346,921,142
Incheon,2017,1463203,62365,70750,69268,86185,107254,105406,100263,123744,120454,132475,123028,127873,87779,55799,39515,28877,14777,5417,1576,360,0,1456507,59475,67147,65504,79845,97594,97196,94561,117070,115410,131585,123359,125117,88492,57677,45911,40937,27543,15003,5585,1292,204
Gwangju,2017,720535,31451,38505,40639,52809,59074,47271,45618,57007,59419,64997,57089,53267,37708,27785,20390,16033,7804,2811,734,118,0,734104,29813,36051,37354,48836,53042,43598,44038,57456,60283,66268,57574,55801,40479,31452,24514,22241,14176,7546,2749,722,111
Daejon,2017,744751,32570,37076,38427,48806,58313,54427,50404,58463,59382,67764,57879,59415,44347,29292,20078,15792,8250,3026,853,162,0,746780,30623,34906,35885,44681,52907,47478,46920,57927,60675,68218,58043,61125,45815,31197,23336,21530,14471,7605,2729,610,99
Ulsan,2017,595854,27809,30294,29232,37891,46090,41616,39511,49695,46596,53668,53431,52638,36014,22827,13515,9278,4065,1345,284,53,0,563011,26242,28068,26326,33341,36246,32623,35182,45684,45481,54416,50446,49481,35203,22039,14588,12748,8483,4386,1626,353,49
Sejong,2017,139207,9859,10641,8835,7323,7512,7778,10504,14808,14397,12906,8812,8448,6202,4112,2741,2323,1346,505,131,24,0,139839,9366,10300,8852,7037,6685,8242,11347,15603,13754,10818,8051,8097,6254,4375,3253,3309,2459,1421,485,105,26
Gyeonggi,2017,6414223,292144,336649,329446,397471,456527,440728,433701,545188,550603,606418,527841,516636,354949,225682,167168,130247,68957,25273,6843,1614,0,6345688,277809,319083,311068,368929,414499,401099,413146,528760,540344,591185,507792,495317,355108,240325,196833,176331,117988,61234,22599,5408,831
Gangwon,2017,774049,26937,32879,35181,46887,56989,47168,41854,50894,56497,67731,63848,72295,58453,36539,31530,27353,14116,4865,1639,352,0,762460,25703,31163,32422,42226,44807,36219,36897,48898,53751,61558,59575,71718,57412,39718,37366,38220,24928,13354,5128,1181,216
North Chungcheong,2017,799521,32710,37547,37698,48674,57914,51081,49349,58663,60949,69502,65192,70724,54271,35761,26551,23571,13380,4453,1263,243,0,784534,31493,35428,34881,44372,48530,41391,43977,54268,57561,65218,60716,67777,53782,37063,31661,33871,24916,12247,4196,1036,150
South Chungcheong,2017,1068913,46437,53067,51361,62332,69219,65174,69506,85822,84453,92844,82577,87802,66653,49988,36586,33156,21369,8122,2032,379,0,1033595,44483,49828,47768,56732,59245,53912,60143,74935,75339,80709,73509,82781,66077,52345,42557,48529,37177,19161,6485,1636,244
North Jeolla,2017,916525,34857,42741,44634,58998,66133,51264,48570,62141,69128,80900,74229,77781,61830,47594,36163,31819,18498,6993,1875,344,0,926101,32985,40190,41681,54422,57103,44637,45428,58239,65297,73360,68540,76757,62206,51496,43697,48453,35034,18432,6288,1611,245
South Jeolla,2017,942418,35937,41460,42304,57386,63697,48249,48245,62591,67802,82336,81641,84060,63985,53113,40855,38525,20140,7830,1876,353,0,941378,34247,39537,39542,52180,53377,41345,43992,55759,59120,69307,69178,78468,62503,55595,51323,61222,42183,22620,7573,2025,282
North Gyeongsang,2017,1344188,53182,58350,57673,76677,90830,79056,77124,95067,97747,116297,111873,122331,98507,74093,50201,46257,26215,9676,2558,430,0,1329933,49880,53989,52417,67369,72660,61713,67855,86552,91058,105329,103783,118960,98821,78132,61534,70902,51025,26270,9205,2150,329
South Gyeongsang,2017,1690671,73611,84723,82789,104728,119226,98886,101415,133371,134094,154530,140076,148028,110984,77433,51685,41683,22875,8194,2001,315,0,1669413,69527,79465,75648,93430,95908,82113,92208,124132,127607,145551,132212,144188,111013,81595,63676,66968,47937,25862,8470,1666,237
Jeju,2017,328329,15162,17844,18123,21094,23010,18879,18873,25360,27582,31684,27985,25903,18951,13049,10480,7970,4582,1423,287,83,0,323401,14305,16777,16461,19117,20580,16989,18116,24451,25356,28735,25049,24452,18992,13831,12101,11314,8872,5042,1976,767,118
Countrywide,2018,25608849,1012130,1195428,1198754,1457958,1788071,1786620,1633367,2058006,1970928,2289383,2128174,2141315,1725187,1142459,859317,671864,370630,135934,35175,7494,0,25716596,961611,1131278,1122934,1340393,1612910,1603512,1533091,1985382,1902706,2223939,2089504,2133132,1766191,1232703,997579,928863,650785,340896,124074,30796,4317
Seoul,2018,4690012,166380,187148,195475,242887,321473,389534,360772,404465,358784,414498,367666,367253,311488,214862,167425,126682,63083,22541,6022,1438,0,4906981,157916,178032,183591,229263,332736,395369,362676,403116,362798,423075,380814,392513,344158,241027,194805,154758,96714,48793,19329,4827,671
Busan,2018,1673625,60232,68891,67133,86568,116197,116536,99795,129908,120802,140086,133693,147942,134629,94816,69208,51613,24907,8354,1933,354,0,1730128,56841,65345,63151,78711,105049,105076,94673,126028,117096,141899,141420,161044,145416,106269,80250,68543,42681,21126,7681,1614,215
Daegu,2018,1209040,45556,54379,56850,74185,91856,86517,72303,89265,89780,107302,104442,103977,81635,56677,38896,31355,16689,5778,1351,231,0,1233939,43532,51400,52418,65919,79421,71882,63895,90222,90842,112308,108491,109184,86466,65000,48240,44823,29432,14468,4833,1031,132
Incheon,2018,1465855,59061,69733,68469,81874,103737,109125,97019,124104,116369,131735,124568,128902,96434,57730,42421,30232,16239,5937,1702,428,0,1460382,56280,66050,64889,76384,94824,99883,90777,117742,110387,130045,126828,126424,96758,60033,48249,41832,29247,16014,6085,1433,218
Gwangju,2018,717894,29820,37831,39214,49893,58260,49123,43145,57185,56903,64325,58706,54318,40717,27833,21679,16328,8604,3080,773,148,0,732410,28141,35440,36571,46047,52797,44947,41477,57316,57419,65605,59632,56398,43636,31788,25976,22421,15039,7972,2891,774,123
Daejon,2018,738143,30250,35862,37352,45924,56952,55530,48598,57663,56369,66635,60009,58797,46941,30057,21452,16251,8987,3381,940,179,0,741090,28417,33912,34777,42281,52332,48285,44186,57023,57072,67060,60752,60582,48839,31863,24539,21977,15295,8118,2962,713,105
Ulsan,2018,590317,26026,29869,28822,35316,43984,41394,37654,49045,45366,51931,54222,52809,38913,23853,14860,9940,4397,1541,309,63,0,559181,24515,27924,26237,31072,34959,32646,32607,45947,42892,52767,52334,49549,37830,23421,15565,13171,8917,4642,1742,398,46
Sejong,2018,156292,10786,11990,10153,8240,8417,8832,11585,16710,15553,14697,10357,9341,7310,4561,3104,2456,1453,554,162,30,0,156763,10231,11439,10214,8078,7484,9243,12190,17755,15210,12539,9496,8914,7359,4873,3468,3413,2588,1572,558,109,30
Gyeonggi,2018,6517111,283610,336410,329884,382810,451552,461798,429747,558791,538341,611188,547433,527003,393002,237325,179350,135450,75843,28120,7453,1843,0,6445834,270007,319021,312972,355752,411194,415887,405354,541518,522263,595168,535777,505982,390366,251810,206804,181581,126604,65790,25010,6104,870
Gangwon,2018,769898,25541,32078,34233,43999,54794,47407,40150,50409,53320,66592,65338,71536,63286,38405,32168,27520,15675,5311,1657,440,0,759619,24449,30556,31651,39961,43845,36138,35094,48366,50870,60656,60929,70535,62040,40988,37372,38284,26746,13968,5629,1330,212
North Chungcheong,2018,803528,31272,37001,37396,45875,56703,53798,48116,59070,58561,68982,67904,69926,58866,37372,27946,23862,14218,5000,1375,264,0,785446,30137,35214,34648,41612,47798,41897,42040,54917,54554,64296,64165,66870,57717,38659,31969,33948,25781,13357,4580,1110,177
South Chungcheong,2018,1074641,44135,52733,51446,59382,68893,66299,66892,86305,82200,93134,86408,88517,71823,50450,39067,32823,22425,9016,2235,415,0,1037298,42488,49600,48052,54428,58172,54179,57638,76223,72410,80844,77125,82480,70922,52687,43772,47556,38887,20672,7095,1825,243
North Jeolla,2018,907576,32312,41614,43698,55120,64618,51741,45457,60834,65276,79385,76493,78284,65589,47828,38222,31423,19509,7736,2036,360,0,917322,30697,39332,40689,51097,55723,44654,42641,57440,61538,72459,70618,76302,65707,51358,44753,47528,36170,19658,6903,1790,265
South Jeolla,2018,937150,33522,40663,41566,53902,63063,49408,44898,61909,64453,80221,83082,84933,69776,52490,42997,37806,21708,8298,2030,388,0,933218,32009,39009,38769,49054,52042,41588,40832,55646,56118,68043,70228,78510,67019,54778,51592,59042,44568,23866,7753,2451,301
North Gyeongsang,2018,1337820,49746,57587,56941,72332,88477,79138,73406,94099,93473,113452,114696,122885,103658,75949,53469,47034,27738,10534,2701,469,0,1321505,46739,53479,51852,63732,70430,60979,63054,86517,85706,103306,106696,118901,102520,80451,61924,71357,53310,27843,9983,2372,354
South Gyeongsang,2018,1686844,69075,83634,82126,99171,116223,100416,95568,132259,128726,153281,144350,148056,120109,79331,55833,42860,24276,8958,2210,349,0,1666966,65346,78507,75945,88353,93803,82639,86393,124218,121071,144675,138341,143571,118810,83739,65707,67258,49873,27371,9202,1908,236
Jeju,2018,333103,14806,18005,17996,20480,22872,20024,18262,25985,26652,31939,28807,26836,21011,12920,11220,8229,4879,1795,286,95,0,328514,13866,17018,16508,18649,20301,18220,17564,25388,24460,29194,25858,25373,20628,13959,12594,11371,8933,5666,1838,1007,119
Countrywide,2019,25609835,946292,1190600,1183827,1379918,1730297,1836009,1621821,1978717,1948490,2258680,2165782,2132475,1830938,1213421,908185,679826,402911,152883,40097,7850,0,25739567,898332,1129051,1112342,1272320,1576324,1635613,1514055,1898537,1892134,2185457,2134250,2112861,1880590,1299096,1039383,925938,688004,369525,139091,31999,4665
Seoul,2019,4661515,154662,185221,190154,229388,308438,400197,358347,388069,352449,405402,372262,361086,323389,224595,174183,129763,70119,25091,6984,1561,0,4899441,145982,175934,179156,217211,329163,408361,360761,385818,360275,412910,385113,383442,358660,251688,203990,158030,103600,52337,21225,5046,739
Busan,2019,1657053,55349,69514,66017,80512,110457,117315,97719,122549,119739,136992,134420,142834,137846,99933,72846,53275,27648,9390,2284,375,0,1719513,52590,65749,62067,74110,101492,105058,92749,118659,116739,137497,142249,154769,152360,109951,84868,69529,45802,22789,8502,1736,248
Daegu,2019,1195126,42505,54039,55279,68872,87174,86403,72065,84594,87296,104556,104548,102172,86824,58873,41585,31616,18144,6804,1513,244,0,1224175,40284,51392,51204,61548,76516,72387,62902,84220,89280,108381,109702,106889,93157,66806,50667,44910,31440,15923,5351,1064,152
Incheon,2019,1466310,55212,69083,68073,77390,99622,112279,96306,118614,116076,130520,125092,128775,104104,61938,45287,31129,17756,6657,1908,438,0,1462093,52313,65622,64509,72607,92113,101370,89798,112539,110353,126958,128080,127176,104434,64407,50914,42064,30967,17168,6856,1625,220
Gwangju,2019,716003,27662,37404,38517,46771,56639,51425,42168,54898,55834,64399,59912,54235,43858,28588,23003,16699,9390,3487,957,147,0,731379,26262,35155,35936,43026,52111,46681,40390,54222,56721,65554,61048,55808,47118,32445,27689,22643,15769,8600,3296,777,128
Daejon,2019,730521,27425,35143,36123,43213,54951,56649,47933,54837,54661,64989,61197,58228,49267,31896,22706,16506,9809,3803,989,176,0,733785,25988,33221,33806,39831,50995,49196,42760,53464,55535,64930,62202,59462,51412,34169,25686,22045,16194,8759,3261,768,101
Ulsan,2019,586217,23952,29789,28646,32847,41716,41616,37030,46617,45432,50400,54056,52907,41824,25744,16274,10246,4941,1754,364,59,0,555695,22557,28044,26267,28890,33096,32337,31595,43559,42563,50926,53280,49602,40922,25221,16583,13475,9346,5007,1966,417,42
Sejong,2019,169262,11214,12934,11209,8883,8672,9652,12466,17440,16858,16221,11715,10108,8235,5166,3512,2525,1566,656,195,33,0,170172,10780,12312,11110,8828,7922,10043,13119,18271,16897,14227,10780,9600,8248,5395,3877,3434,2783,1715,675,130,26
Gyeonggi,2019,6599590,269215,337786,329196,367372,444310,482813,435081,545836,539669,610239,561956,536051,426700,258771,190416,138750,82853,31881,8602,1881,0,6524929,255826,321328,312750,342782,406631,428531,407348,523699,524985,591537,555178,516046,423396,271833,216401,183916,135038,71919,28319,6509,957
Gangwon,2019,768768,24461,31601,33395,41458,53019,48074,39852,48446,51583,64919,66484,70404,66924,42747,32429,27639,17279,5824,1724,447,0,759026,23418,30038,31103,37616,42670,36642,34727,46145,49591,59650,62011,68418,66105,44726,36779,37897,28534,15034,6286,1399,237
North Chungcheong,2019,804938,29484,36556,36990,43422,54817,55920,47403,57302,57489,67669,69746,69730,62489,40334,29255,23439,15350,5703,1526,288,0,784797,28036,35169,34422,39370,46368,42357,41094,52920,53633,62616,66436,65917,61180,41792,32245,33217,26971,14474,5229,1176,175
South Chungcheong,2019,1074505,41173,52021,51319,56635,67082,67326,65603,82798,81149,92375,88195,89333,75968,52839,41628,32508,23371,10220,2476,437,0,1034724,39397,49255,47882,52119,56657,53749,56051,72991,71841,80000,78537,81872,74700,55323,45134,46210,40353,22514,7982,1870,287
North Jeolla,2019,898467,29387,40897,42734,51699,62171,52544,43788,57396,62365,78423,77540,77321,68858,50179,40480,30835,20554,8558,2307,386,0,908636,28147,38616,39810,48046,53278,45082,40843,54526,59117,72122,71493,74476,68723,53173,46747,45830,37484,21371,7726,1742,284
South Jeolla,2019,931832,31361,39804,40598,50316,61487,51538,43209,58821,62615,78720,83638,84240,74424,53669,45484,36776,23234,9030,2412,414,0,924358,29899,38314,38341,45821,49666,41520,39311,52565,55478,66686,70370,76645,71411,55690,52694,56386,46410,25490,8981,2372,308
North Gyeongsang,2019,1333350,45904,57282,56247,67865,85598,79459,71999,89809,91688,110919,116315,121346,110516,79420,57767,46084,29793,11895,2925,479,0,1315156,43473,53451,51611,59781,67641,60825,60307,82394,84123,101196,108068,115241,110057,83619,63979,68845,56153,30650,10957,2402,383
South Gyeongsang,2019,1681702,63319,83512,81346,93604,111933,101747,93047,125718,127465,150045,148904,146518,127295,84840,59905,43608,25942,10003,2521,396,0,1661004,60210,78375,75787,82931,90252,82635,83112,118192,120207,141051,142995,141942,126521,88108,68226,66187,51974,29731,10261,2059,248
Jeju,2019,334676,14007,18014,17984,19671,22211,21052,17805,24973,26122,31892,29802,27187,22417,13889,11425,8428,5162,2127,410,89,0,330684,13170,17076,16581,17803,19753,18839,17188,24353,24796,29216,26708,25556,22186,14750,12904,11320,9186,6044,2218,907,130
Countrywide,2020,25602326,860064,1174501,1202126,1271894,1689155,1869453,1625962,1888354,1976184,2190700,2202658,2098435,1926921,1330138,960374,684403,423848,174025,44106,8052,0,25746790,816587,1116625,1131673,1177893,1548754,1669284,1499320,1807267,1910701,2126679,2159898,2071399,1970970,1428529,1093475,915158,707060,402868,152793,34636,5221
Seoul,2020,4623790,139161,180726,190407,209253,299113,403964,359742,370636,354779,388209,378076,351580,330605,241855,181049,131232,74996,28895,7773,1539,0,4882078,131209,171870,179984,198848,327041,420570,360202,369053,361415,396276,389108,369468,365848,273962,212445,160408,107696,57420,23037,5391,827
Busan,2020,1644092,49858,69255,67206,73109,105855,117827,97734,114788,122056,132091,135829,135955,140620,107719,77258,53359,29960,10731,2449,385,0,1712495,47496,65633,63398,67790,99125,106565,91787,111310,118368,132457,141896,147213,155134,120984,90407,68494,48200,24964,9089,1920,265
Daegu,2020,1184035,38068,53181,55142,62828,84340,86821,72034,79978,87065,100441,105296,100453,90307,63311,44738,31237,19076,7796,1627,273,0,1217075,36123,50787,51396,56267,75221,74150,61887,78508,88211,104727,109596,105762,96334,72934,54138,43792,32564,17438,5876,1201,163
Incheon,2020,1459257,49496,67780,68893,71820,95926,112384,95922,112095,117195,127076,125672,126352,110815,69073,48020,31955,18574,7687,2059,408,0,1456582,46800,64414,65343,67479,89211,102036,88502,106068,111267,122944,127825,125525,111008,72508,53420,42268,31801,18605,7496,1815,247
Gwangju,2020,713010,24888,36586,38797,42594,55766,53269,42037,52202,56104,62416,61235,53468,46678,30721,24091,17058,9932,3949,1055,152,0,728542,23879,34314,36259,39349,51148,48664,39654,50903,57019,63442,62065,54987,50094,34899,29070,22617,16370,9169,3658,842,140
Daejon,2020,725153,24456,34340,35948,39736,53261,57736,48398,52162,54516,62439,62463,56630,51468,34743,24230,16981,10088,4250,1105,182,0,728858,23222,32469,33895,36670,50253,50472,41976,50241,55292,62812,62660,57656,53949,37460,27345,22136,16416,9466,3561,791,116
Ulsan,2020,580482,21187,29423,29070,30063,39502,41504,36583,43496,46490,48352,53071,52716,44350,28388,17910,10473,5414,1999,424,64,0,549833,20139,27729,26880,26331,31118,32119,30546,40283,43079,48550,53163,49194,43187,28479,18149,13247,9641,5472,1995,480,52
Sejong,2020,176998,10636,13547,12249,9168,8923,10097,12698,17233,18034,17020,12896,10451,8948,5897,3968,2594,1627,757,218,34,0,177707,10260,12830,12065,9187,8118,10267,13261,18150,18251,15268,11747,9845,8953,6160,4255,3481,2772,1900,764,151,22
Gyeonggi,2020,6697616,249524,336911,338364,342966,444520,503226,444778,531360,556033,600648,579724,537078,460588,291530,200980,142810,88202,36538,9675,1897,0,6618279,237137,321689,321360,322391,408495,443727,411057,507491,537078,583524,571414,519167,455032,305904,227681,186163,140077,79422,31122,7238,1110
Gangwon,2020,770197,23165,30844,33518,37946,51893,49041,40190,46522,51486,62637,67956,68225,70196,48850,32440,27704,18502,6672,1846,500,0,759389,22037,29510,31289,34563,41365,37045,34412,43843,49773,58188,62599,65990,69744,50141,36728,37301,29978,16166,6887,1573,257
North Chungcheong,2020,806465,27137,35913,37659,39982,52951,57531,47605,55015,58160,65684,70237,69420,65764,45205,30384,23529,15730,6582,1633,312,0,784544,25637,34651,35227,36376,44761,43310,40174,50609,53905,61412,66494,65241,64317,46497,33233,32637,26912,15946,5754,1267,184
South Chungcheong,2020,1075524,37383,51021,52430,52645,65672,68051,64862,78811,82854,90304,89840,87995,80734,57748,44755,32377,23290,11461,2766,481,0,1031422,35678,48497,48642,48602,55016,53603,54234,69044,72716,79080,79157,79824,78719,59785,48412,44697,39643,25001,8753,1999,320
North Jeolla,2020,891537,26300,39685,42873,47646,60319,53508,43059,53727,61826,75407,78310,75322,72339,53115,43839,30857,20754,9698,2509,398,0,901157,25188,37489,40215,44069,51654,45269,39428,51425,58818,70012,71942,71352,72430,55974,50015,44575,37335,23254,8615,1789,309
South Jeolla,2020,925103,28648,38689,41275,45448,59208,52519,42010,55253,62520,75310,83739,82919,79126,57159,47968,35903,24376,9923,2627,436,0,914329,27374,37446,38790,41625,47109,41217,37719,49724,55362,64208,70475,73574,75599,58345,53997,53855,47767,27096,10277,2414,356
North Gyeongsang,2020,1321186,41092,56606,56732,61825,81864,78477,69987,84185,91673,106764,116608,119163,115941,85718,62369,44531,30544,13400,3149,514,0,1301842,38956,52846,52284,54873,63712,59213,57822,77116,83570,98172,107580,112431,114067,90604,68084,65063,56908,33477,12050,2600,414
South Gyeongsang,2020,1671807,56222,81882,83202,86307,108072,101921,90512,117196,128950,144886,151184,143509,134865,93581,64599,43144,27352,11253,2716,397,0,1649555,53281,77303,77544,76909,85971,81557,79597,109974,121237,137017,144349,138715,133410,97603,72743,63163,53530,31720,11336,2303,293
Jeju,2020,336074,12843,18112,18361,18558,21970,21577,17811,23695,26443,31016,30522,27199,23577,15525,11776,8659,5431,2434,475,80,0,333103,12171,17148,17102,16564,19436,19500,17062,23525,25340,28590,27828,25455,23145,16290,13353,11261,9450,6352,2523,862,146
Countrywide,2021,25575878,785277,1141520,1214119,1213124,1619458,1860414,1667131,1785438,2014144,2099684,2253796,2064224,2025229,1451789,980486,692481,454896,194466,48809,8326,1067,25741511,744887,1086659,1146518,1127221,1492663,1660799,1532594,1700312,1948731,2038190,2229294,2003459,2072503,1553284,1115938,903898,740711,435190,165714,37044,5902
Seoul,2021,4563718,126024,173416,188280,198041,284406,396584,364669,348460,357052,366010,386726,341238,336784,259159,179908,132301,82026,32438,8431,1534,231,4838170,118439,165146,178423,188565,315645,418219,366217,348376,363438,374245,401193,350912,372338,295372,211331,163158,114484,61762,24296,5685,926
Busan,2021,1628484,45012,67676,68313,68554,99611,115174,99833,106891,125369,125888,136903,130371,142856,113993,79808,54197,32729,12040,2802,416,48,1701635,42749,64074,64793,64012,94601,105048,93831,102647,121876,125023,144308,137760,159261,128452,94359,68272,51479,26869,9881,2039,301
Daegu,2021,1169062,34106,51847,55183,58600,79420,84642,73286,75400,87116,95375,105774,97527,93878,67802,46886,30867,20464,8724,1859,280,26,1204727,32243,49569,51804,52732,70940,73146,62965,71909,88710,98801,111752,101031,100898,77559,57110,42282,34371,18892,6535,1281,197
Incheon,2021,1464968,45734,65745,70108,68997,91850,111121,100231,106526,121348,122714,128709,123151,118293,77336,48312,33329,20144,8588,2243,424,65,1462942,43000,62759,66654,64829,85514,101030,92071,100333,114811,118015,130974,122646,118546,81248,53578,42876,33519,20123,8169,1938,309
Gwangju,2021,709872,23165,35339,38680,40118,53500,54042,43464,48872,56371,60254,62332,53770,48773,32733,24437,17432,10929,4351,1131,162,17,726311,22181,33359,36295,37196,49480,49045,40632,47523,57322,60914,63792,54447,52853,36822,29762,22565,17544,9712,3833,888,146
Daejon,2021,720467,22335,32938,35873,37574,51172,58161,49523,49281,54891,59202,63927,54829,53756,37952,24868,17091,10953,4736,1186,195,24,724778,21132,31102,33749,34822,48838,50644,43218,46679,55259,60048,64585,54741,56673,40967,28216,21871,17162,10221,3858,855,138
Ulsan,2021,573865,18718,28577,29457,28251,36822,40614,36664,40142,47275,46164,52447,51917,47014,31023,19078,10957,5968,2213,488,72,4,543901,17799,26895,27198,25027,28977,30778,30593,36974,43916,45599,53773,47833,45850,31254,19512,13309,10038,5832,2168,517,59
Sejong,2021,185271,10147,13834,13144,9933,9193,10509,13153,16923,19253,17475,14711,10772,9771,6747,4214,2631,1742,852,224,37,6,185867,9849,13226,12844,9865,8321,10448,13886,17642,19658,16196,13217,9993,9833,7031,4491,3392,2906,2035,842,172,20
Gyeonggi,2021,6782604,231231,331207,344340,332362,435437,509126,467348,511035,574832,583756,603012,536561,494355,327847,203163,147391,95315,41320,10726,1961,279,6699391,220251,316623,327954,313575,401212,446095,427920,484009,554201,566139,599339,513462,489180,342932,229611,188520,148464,87030,33750,7871,1253
Gangwon,2021,770609,21684,29903,33852,35680,49638,48839,41057,44379,51858,59732,68657,66879,73610,55477,31801,27746,19484,7764,2024,480,65,760878,20683,28667,31483,32708,39390,37075,35314,41306,50354,56019,63850,63399,73718,55949,36268,36283,31487,17623,7275,1749,278
North Chungcheong,2021,807238,24727,34983,38111,37877,50282,57793,48798,52634,58637,63443,70745,67786,70194,50680,31206,23311,16514,7423,1744,313,37,784245,23519,33710,35678,34635,42470,43407,40507,47837,54502,59348,67806,62937,68434,51390,33970,31278,27667,17452,6160,1319,219
South Chungcheong,2021,1078664,34036,49254,53259,50807,63285,68145,64926,74419,85055,87186,93876,85581,87043,62786,46389,32478,23841,12629,3095,514,60,1032594,32345,47041,49508,46921,53332,52961,53816,65341,74322,76991,82798,76177,84067,64542,50241,42520,40352,27155,9686,2137,341
North Jeolla,2021,885369,23633,37825,43029,44962,57719,53738,43615,50085,61368,71320,79611,74572,75708,56515,44671,31223,21913,10612,2798,406,46,894580,22611,35576,40610,41393,49477,45091,39549,48071,58754,66792,73564,69197,75840,59067,50600,43308,38537,24707,9561,1940,335
South Jeolla,2021,918957,25839,37245,41756,42596,55960,52183,42195,51312,62390,71290,84079,83398,83559,60007,49546,35351,26013,10820,2902,469,47,907652,24718,35876,39441,39220,44304,40843,37470,46707,55952,61266,71496,71895,79606,60634,54752,50855,49492,28993,11243,2490,399
North Gyeongsang,2021,1318237,37045,54852,57502,58867,78107,77945,69990,78875,93005,102043,117413,116914,122189,92886,66282,43621,31841,14692,3587,533,48,1298390,35078,51487,53262,52147,61017,58303,57521,71736,85334,94507,109338,108240,119369,96787,72508,61152,57930,36192,13171,2836,475
South Gyeongsang,2021,1661208,49994,78962,84431,81935,102007,100155,90077,107991,131349,138223,153435,141206,142708,101813,68027,43672,29131,12589,2997,452,54,1639927,47096,74546,79302,73565,80604,79186,79205,100964,123766,130914,148320,133339,141685,105482,76252,60948,55445,33888,12579,2513,328
Jeju,2021,337285,11847,17917,18801,17970,21049,21643,18302,22213,26975,29609,31439,27752,24738,17033,11890,8883,5889,2675,572,78,10,335523,11194,17003,17520,16009,18541,19480,17879,22258,26556,27373,29189,25450,24352,17796,13377,11309,9834,6704,2707,814,178
